id,name,mobileNumber,emailId,role,createdOn,createdBy,modifiedOn,modifiedBy,status
1,Garwood,807-186-0833,gmucklestone0@utexas.edu,Construction Expeditor,20-04-2024,1,19-06-2024,1,false
2,Lothario,186-662-1613,lcammomile1@sina.com.cn,Supervisor,25-07-2024,2,29-02-2024,2,true
3,Dianna,374-227-3775,dhicks2@ebay.co.uk,Electrician,01-10-2023,3,07-10-2023,3,false
4,Elspeth,486-617-5046,egoymer3@angelfire.com,Architect,19-06-2024,4,24-08-2024,4,true
5,Yulma,810-790-4812,ysams4@nbcnews.com,Construction Foreman,29-10-2023,5,12-01-2024,5,false
6,Alberik,834-783-3526,aasher5@utexas.edu,Supervisor,06-06-2024,6,29-10-2023,6,false
7,Lizzie,253-414-1102,ldaughtrey6@disqus.com,Electrician,18-03-2024,7,01-11-2023,7,true
8,Artemis,587-711-6064,aknappen7@sciencedirect.com,Architect,13-04-2024,8,13-11-2023,8,false
9,Pattie,529-729-5871,pmathey8@alexa.com,Engineer,30-06-2024,9,03-08-2024,9,false
10,Rochelle,135-696-9864,rmapledoore9@unblog.fr,Supervisor,15-06-2024,10,22-02-2024,10,true
11,Darius,888-611-4424,develeigha@photobucket.com,Project Manager,03-03-2024,11,04-04-2024,11,true
12,Kendricks,779-745-1878,kthorpb@irs.gov,Estimator,30-06-2024,12,12-08-2024,12,true
13,Maire,414-508-3705,matwoolc@forbes.com,Construction Worker,12-04-2024,13,05-04-2024,13,false
14,Lawry,493-680-8148,lrawlingsond@thetimes.co.uk,Estimator,31-07-2024,14,19-07-2024,14,true
15,Giulia,144-287-5212,gwildte@craigslist.org,Architect,14-01-2024,15,10-03-2024,15,false
16,Meade,260-801-2894,mshureyf@wufoo.com,Subcontractor,20-07-2024,16,22-05-2024,16,false
17,Darby,722-361-7612,dwendeng@indiegogo.com,Subcontractor,28-09-2023,17,23-02-2024,17,false
18,Debby,987-861-5022,dtremouilleh@meetup.com,Estimator,26-08-2024,18,12-02-2024,18,false
19,Carrol,999-430-9111,cwathelli@epa.gov,Architect,11-05-2024,19,06-02-2024,19,true
20,Kory,927-961-0608,ktebbuttj@privacy.gov.au,Subcontractor,23-05-2024,20,16-12-2023,20,true
21,Abbey,837-266-3234,acaulketk@cornell.edu,Subcontractor,29-10-2023,21,14-02-2024,21,false
22,Paulo,143-291-6860,pshaull@icq.com,Subcontractor,18-11-2023,22,26-01-2024,22,false
23,Shaughn,826-544-2866,sfriarym@tmall.com,Architect,27-09-2023,23,10-01-2024,23,false
24,Kane,837-562-2622,kwattamn@sfgate.com,Estimator,11-01-2024,24,01-03-2024,24,false
25,Paola,932-771-0908,pvanyakino@buzzfeed.com,Subcontractor,26-05-2024,25,13-11-2023,25,true
26,Donavon,293-368-8848,dtrimmingp@uiuc.edu,Subcontractor,24-07-2024,26,24-08-2024,26,true
27,Eve,238-119-9145,earnaldiq@csmonitor.com,Subcontractor,24-07-2024,27,07-06-2024,27,false
28,Obediah,974-970-1197,omccurlyer@ebay.co.uk,Estimator,15-09-2023,28,18-06-2024,28,true
29,Henderson,912-975-0807,hmowetts@github.io,Construction Manager,25-02-2024,29,02-09-2024,29,true
30,Brendis,408-286-2542,bsteptowt@mozilla.com,Project Manager,23-06-2024,30,14-11-2023,30,true
31,Amble,656-318-5418,apontonu@auda.org.au,Construction Manager,25-11-2023,31,15-05-2024,31,true
32,Lena,947-225-3523,lairsv@ibm.com,Engineer,28-03-2024,32,24-12-2023,32,true
33,Giustino,440-403-8003,gculverw@washingtonpost.com,Estimator,14-03-2024,33,29-01-2024,33,false
34,Cooper,662-924-9031,cmeugensx@dion.ne.jp,Surveyor,05-10-2023,34,17-09-2023,34,true
35,Henka,580-690-3939,hmacconchiey@chron.com,Architect,05-01-2024,35,03-12-2023,35,false
36,Deborah,978-341-8855,ddanielskyz@auda.org.au,Construction Manager,03-02-2024,36,01-10-2023,36,false
37,Sharleen,262-541-6555,skemm10@rambler.ru,Project Manager,08-11-2023,37,16-06-2024,37,true
38,Zack,282-115-5407,zsoppit11@yahoo.co.jp,Supervisor,23-12-2023,38,16-08-2024,38,false
39,Fanchon,847-181-4412,fbliven12@jimdo.com,Engineer,14-03-2024,39,31-01-2024,39,true
40,Tod,507-467-4193,tstimpson13@dion.ne.jp,Subcontractor,21-10-2023,40,10-11-2023,40,true
41,Kilian,121-211-7231,kivancevic14@tripod.com,Electrician,04-10-2023,41,28-11-2023,41,false
42,Anissa,483-364-0013,aschwandt15@bizjournals.com,Architect,20-12-2023,42,03-06-2024,42,true
43,Emanuel,142-931-0491,ebackwell16@apple.com,Supervisor,15-12-2023,43,20-09-2023,43,false
44,Anderson,828-947-0382,aturbayne17@hp.com,Surveyor,21-10-2023,44,17-06-2024,44,false
45,Mallory,227-185-5658,mdenington18@cnet.com,Estimator,26-07-2024,45,09-12-2023,45,false
46,Northrop,721-116-5920,nkibel19@seesaa.net,Engineer,25-12-2023,46,17-12-2023,46,false
47,Lyell,536-572-4464,lockwell1a@ebay.co.uk,Estimator,15-02-2024,47,22-04-2024,47,false
48,Vannie,860-101-0384,vbraycotton1b@flavors.me,Electrician,01-02-2024,48,31-01-2024,48,true
49,Adolpho,961-524-3397,aclimo1c@imdb.com,Architect,03-02-2024,49,27-03-2024,49,false
50,Lucinda,351-360-1985,lrozalski1d@bing.com,Supervisor,23-02-2024,50,10-08-2024,50,false
51,Grove,523-812-8347,gflanaghan1e@opera.com,Construction Foreman,01-02-2024,51,10-04-2024,51,true
52,Shawnee,499-533-4271,sburfield1f@desdev.cn,Construction Expeditor,15-10-2023,52,27-10-2023,52,false
53,Jori,121-365-6843,jganford1g@photobucket.com,Subcontractor,30-08-2024,53,14-09-2023,53,false
54,Lora,944-247-8979,lpask1h@sina.com.cn,Construction Worker,04-03-2024,54,16-02-2024,54,false
55,Ruprecht,528-889-8980,rplaunch1i@stanford.edu,Construction Manager,28-11-2023,55,05-06-2024,55,false
56,Birk,842-122-7591,bhellicar1j@oaic.gov.au,Supervisor,25-06-2024,56,28-07-2024,56,true
57,Cozmo,285-596-0458,cgergolet1k@pagesperso-orange.fr,Project Manager,15-02-2024,57,04-01-2024,57,true
58,Adelheid,740-241-3086,agritsunov1l@cbc.ca,Subcontractor,10-07-2024,58,28-02-2024,58,false
59,Alexis,384-732-0499,ajurczak1m@devhub.com,Construction Worker,17-09-2023,59,29-03-2024,59,true
60,Anetta,857-616-9775,afrazer1n@artisteer.com,Subcontractor,17-03-2024,60,16-06-2024,60,true
61,Hernando,290-962-6174,hsyson1o@cdbaby.com,Supervisor,24-05-2024,61,18-05-2024,61,true
62,Archaimbaud,329-645-7052,acrangle1p@google.fr,Construction Manager,30-01-2024,62,25-06-2024,62,false
63,Reeva,328-432-5549,rmoylan1q@digg.com,Construction Foreman,22-11-2023,63,07-05-2024,63,true
64,Geoff,703-119-7702,gdolby1r@fema.gov,Construction Manager,28-02-2024,64,08-08-2024,64,true
65,Trude,408-406-7780,tmachent1s@oaic.gov.au,Estimator,18-08-2024,65,17-12-2023,65,true
66,Arthur,758-154-8455,aaddis1t@yolasite.com,Subcontractor,09-03-2024,66,04-04-2024,66,true
67,Babette,847-969-3131,bspiaggia1u@kickstarter.com,Construction Worker,24-07-2024,67,08-12-2023,67,false
68,Margalit,498-459-8607,mboddy1v@gov.uk,Electrician,02-12-2023,68,26-08-2024,68,false
69,Olia,205-392-0846,omemory1w@illinois.edu,Electrician,14-12-2023,69,01-06-2024,69,false
70,Pauline,144-833-7550,prawlin1x@hugedomains.com,Construction Foreman,23-11-2023,70,30-06-2024,70,false
71,Misha,660-370-1113,mnealy1y@netscape.com,Supervisor,24-11-2023,71,15-11-2023,71,true
72,Cloris,364-491-3348,cwoodberry1z@pbs.org,Project Manager,02-01-2024,72,05-04-2024,72,false
73,Rana,849-261-9707,rstitle20@live.com,Construction Expeditor,19-10-2023,73,01-12-2023,73,true
74,Domingo,728-728-4529,dgligori21@t-online.de,Construction Foreman,09-09-2024,74,13-05-2024,74,true
75,Chiquia,823-475-8286,cpizzey22@theatlantic.com,Subcontractor,26-04-2024,75,24-06-2024,75,false
76,Hildagarde,390-844-3351,hterbeck23@desdev.cn,Architect,16-04-2024,76,07-10-2023,76,false
77,Suzie,202-736-6339,sneubigin24@yandex.ru,Project Manager,22-09-2023,77,23-11-2023,77,true
78,Evy,509-116-8691,etaffs25@ameblo.jp,Architect,13-12-2023,78,16-07-2024,78,true
79,Davida,941-381-9660,dscouse26@bravesites.com,Electrician,03-10-2023,79,25-07-2024,79,true
80,Chrysa,439-740-7097,csarch27@facebook.com,Construction Foreman,20-06-2024,80,01-01-2024,80,true
81,Maurita,389-352-1955,mstapells28@w3.org,Electrician,02-02-2024,81,20-03-2024,81,true
82,Toby,729-601-8193,thambling29@paginegialle.it,Project Manager,08-03-2024,82,10-10-2023,82,false
83,Edward,627-864-1560,ejellis2a@jugem.jp,Construction Foreman,01-09-2024,83,02-12-2023,83,true
84,Robbie,279-754-8935,rsebring2b@jigsy.com,Engineer,24-12-2023,84,30-01-2024,84,false
85,Liza,639-200-5814,lhardway2c@tamu.edu,Estimator,23-04-2024,85,20-11-2023,85,false
86,Angele,260-958-1428,acasaccio2d@biblegateway.com,Construction Foreman,02-09-2024,86,09-10-2023,86,false
87,Rici,991-701-1454,rdewitt2e@youtu.be,Supervisor,23-05-2024,87,18-08-2024,87,true
88,Kevina,150-161-8496,kjellett2f@wix.com,Construction Manager,09-12-2023,88,26-01-2024,88,true
89,Linda,445-597-9513,lcuff2g@nydailynews.com,Supervisor,10-03-2024,89,05-01-2024,89,false
90,Tymon,141-545-0195,tmudle2h@mtv.com,Estimator,02-10-2023,90,14-11-2023,90,false
91,Cole,198-386-1177,ccoots2i@ihg.com,Construction Expeditor,16-07-2024,91,23-05-2024,91,false
92,Rafe,113-746-8295,rtulloch2j@addthis.com,Supervisor,23-04-2024,92,09-09-2024,92,false
93,Wyndham,670-283-8444,wcawsey2k@merriam-webster.com,Subcontractor,19-01-2024,93,14-06-2024,93,false
94,Morgen,175-292-9267,mvallentin2l@globo.com,Architect,28-04-2024,94,21-07-2024,94,true
95,Felecia,296-536-0227,fbartoshevich2m@photobucket.com,Supervisor,04-04-2024,95,31-01-2024,95,false
96,Yoshiko,627-420-3956,ysimyson2n@aol.com,Construction Expeditor,24-02-2024,96,04-03-2024,96,true
97,Lemmie,259-102-0930,lwincom2o@reuters.com,Construction Worker,16-12-2023,97,15-04-2024,97,false
98,Lilly,904-279-2055,llevi2p@godaddy.com,Project Manager,29-08-2024,98,17-09-2023,98,false
99,Arden,122-925-1779,aashard2q@cloudflare.com,Subcontractor,02-04-2024,99,28-12-2023,99,false
100,Dolores,173-871-4251,dmaudlin2r@i2i.jp,Subcontractor,01-08-2024,100,16-01-2024,100,true
101,Kermit,603-402-3236,kdevile2s@people.com.cn,Construction Worker,01-08-2024,101,17-05-2024,101,false
102,Hope,348-187-5071,hlochet2t@dot.gov,Electrician,17-01-2024,102,02-11-2023,102,false
103,Farlay,476-903-7675,fbuddock2u@elpais.com,Subcontractor,30-08-2024,103,01-07-2024,103,false
104,Nappie,942-968-4740,noleahy2v@miitbeian.gov.cn,Surveyor,01-09-2024,104,15-06-2024,104,false
105,Jud,865-896-4551,jrubrow2w@digg.com,Estimator,10-08-2024,105,25-08-2024,105,true
106,Donnie,883-100-8350,dchatfield2x@qq.com,Subcontractor,20-02-2024,106,03-04-2024,106,true
107,Nathanial,871-932-6475,ntiddeman2y@abc.net.au,Architect,10-07-2024,107,29-12-2023,107,true
108,Clio,772-726-2735,catwool2z@cyberchimps.com,Construction Foreman,12-09-2023,108,31-03-2024,108,false
109,Veronika,548-361-8927,vgotthard30@tripod.com,Supervisor,19-07-2024,109,19-05-2024,109,true
110,Vittorio,662-619-6146,vcharrington31@cyberchimps.com,Estimator,14-05-2024,110,07-08-2024,110,false
111,Piggy,487-429-8154,palexandrescu32@theglobeandmail.com,Construction Expeditor,15-12-2023,111,11-08-2024,111,false
112,Carney,116-538-4543,cnorgan33@cam.ac.uk,Surveyor,06-10-2023,112,12-02-2024,112,false
113,Lew,324-580-1215,ldraycott34@nature.com,Construction Expeditor,09-03-2024,113,20-12-2023,113,false
114,Leeanne,127-972-4487,lgidney35@unicef.org,Supervisor,08-12-2023,114,19-05-2024,114,false
115,Heinrik,707-667-5352,hwarwicker36@51.la,Estimator,24-11-2023,115,07-01-2024,115,false
116,Selene,378-459-8153,sschulkins37@weebly.com,Engineer,06-06-2024,116,16-11-2023,116,false
117,Goober,601-101-5313,groe38@cafepress.com,Supervisor,28-07-2024,117,08-06-2024,117,false
118,Emmet,347-469-2058,eviel39@cornell.edu,Construction Expeditor,10-10-2023,118,30-10-2023,118,false
119,Gradeigh,797-986-4598,gferfulle3a@bloglovin.com,Construction Foreman,04-04-2024,119,29-02-2024,119,false
120,Lemar,195-119-0355,lgomby3b@google.de,Construction Expeditor,02-11-2023,120,21-06-2024,120,true
121,Morgan,305-923-7446,mkalaher3c@jalbum.net,Surveyor,20-02-2024,121,03-05-2024,121,true
122,Gil,530-500-9053,gmansion3d@ca.gov,Construction Foreman,05-03-2024,122,31-10-2023,122,false
123,Debor,511-450-5210,dgeockle3e@virginia.edu,Construction Foreman,24-10-2023,123,12-09-2023,123,true
124,Steffie,460-664-4502,sditty3f@hp.com,Estimator,19-11-2023,124,24-04-2024,124,true
125,Reggie,211-600-5739,rsimonetti3g@bandcamp.com,Estimator,03-01-2024,125,14-01-2024,125,false
126,Tobye,795-694-5496,tpaty3h@flavors.me,Surveyor,18-04-2024,126,05-02-2024,126,false
127,Cecelia,377-739-8677,cspark3i@forbes.com,Supervisor,06-04-2024,127,01-11-2023,127,false
128,Wanids,625-234-5335,whiom3j@liveinternet.ru,Supervisor,24-12-2023,128,03-05-2024,128,false
129,Donny,180-695-0381,dadenot3k@cocolog-nifty.com,Construction Manager,09-12-2023,129,19-09-2023,129,true
130,Ignatius,730-945-4430,ibeccera3l@printfriendly.com,Surveyor,02-07-2024,130,17-01-2024,130,false
131,Christos,445-234-6377,ccrosen3m@lycos.com,Construction Worker,21-05-2024,131,22-11-2023,131,false
132,Georgie,853-876-0947,gcotelard3n@histats.com,Architect,09-08-2024,132,10-11-2023,132,false
133,Junie,816-808-8001,jpennell3o@pen.io,Electrician,02-12-2023,133,09-06-2024,133,true
134,Bastien,882-394-6602,blukasen3p@bravesites.com,Architect,26-01-2024,134,08-12-2023,134,true
135,Wells,408-341-5237,wtayler3q@oaic.gov.au,Project Manager,01-06-2024,135,31-08-2024,135,true
136,Nyssa,404-294-9677,nkeir3r@oracle.com,Construction Foreman,15-07-2024,136,19-10-2023,136,false
137,Meridel,848-895-7115,msarney3s@wufoo.com,Project Manager,23-10-2023,137,01-12-2023,137,false
138,Dall,914-373-9102,dfarfoot3t@issuu.com,Electrician,08-07-2024,138,09-08-2024,138,false
139,Andrea,617-563-2239,amcdougall3u@fema.gov,Construction Manager,29-09-2023,139,26-11-2023,139,true
140,Neil,637-840-8003,ngiaomozzo3v@aol.com,Construction Manager,02-12-2023,140,11-09-2024,140,true
141,Charita,126-529-6598,cclorley3w@slashdot.org,Estimator,21-06-2024,141,29-06-2024,141,false
142,Adrien,414-653-1315,avarney3x@cloudflare.com,Architect,16-02-2024,142,11-12-2023,142,false
143,Rhody,790-625-6828,rgriniov3y@dropbox.com,Construction Worker,18-12-2023,143,06-07-2024,143,true
144,Lisa,651-835-8638,lpicopp3z@telegraph.co.uk,Surveyor,24-12-2023,144,09-03-2024,144,false
145,Parry,125-738-2520,pshallcross40@washingtonpost.com,Construction Foreman,09-10-2023,145,18-06-2024,145,false
146,Auria,576-590-5611,amarconi41@etsy.com,Construction Foreman,16-11-2023,146,16-04-2024,146,true
147,Caldwell,610-516-1619,ccornill42@addthis.com,Electrician,11-03-2024,147,30-05-2024,147,false
148,Ame,385-582-6423,anavarijo43@imageshack.us,Supervisor,15-07-2024,148,16-06-2024,148,false
149,Alexia,408-791-7136,ahockell44@marketwatch.com,Subcontractor,13-01-2024,149,22-06-2024,149,false
150,Newton,580-206-9561,nnode45@tmall.com,Supervisor,30-07-2024,150,04-12-2023,150,false
151,Olivette,247-837-7727,owrixon46@booking.com,Construction Worker,23-12-2023,151,01-08-2024,151,true
152,Ermina,378-792-6809,ekrale47@answers.com,Architect,12-02-2024,152,27-05-2024,152,false
153,Emalia,889-861-4198,ebignold48@live.com,Electrician,19-02-2024,153,10-06-2024,153,true
154,Rowe,321-420-2194,rheatlie49@exblog.jp,Architect,13-12-2023,154,07-05-2024,154,false
155,Joaquin,936-347-0020,jfuster4a@yahoo.co.jp,Architect,04-05-2024,155,06-10-2023,155,false
156,Kerri,836-525-0380,kromke4b@boston.com,Construction Manager,16-03-2024,156,22-03-2024,156,true
157,Johanna,419-991-2325,jedwins4c@webnode.com,Architect,11-09-2024,157,29-09-2023,157,false
158,Giacinta,414-227-1101,gepdell4d@facebook.com,Construction Manager,13-04-2024,158,12-11-2023,158,false
159,Carin,346-983-0998,cschubuser4e@ustream.tv,Construction Expeditor,06-09-2024,159,17-09-2023,159,false
160,Lukas,902-502-5153,lianitti4f@techcrunch.com,Subcontractor,14-07-2024,160,05-10-2023,160,false
161,Barclay,163-881-5798,bcinnamond4g@foxnews.com,Electrician,24-04-2024,161,05-02-2024,161,false
162,Stormie,244-562-1370,sdrewry4h@reverbnation.com,Construction Foreman,02-11-2023,162,14-07-2024,162,false
163,Sonnie,954-580-0001,sboatwright4i@amazon.de,Estimator,11-04-2024,163,13-02-2024,163,true
164,Mallory,395-941-3450,mwason4j@mac.com,Engineer,30-04-2024,164,01-01-2024,164,true
165,Wolf,398-251-7444,wkobisch4k@hc360.com,Construction Manager,29-01-2024,165,24-07-2024,165,false
166,Brynne,651-499-2961,bcocke4l@upenn.edu,Construction Foreman,28-05-2024,166,17-06-2024,166,true
167,Claudelle,143-330-8245,cwinston4m@time.com,Engineer,28-12-2023,167,04-02-2024,167,true
168,Penni,634-674-3057,phimsworth4n@t-online.de,Project Manager,04-01-2024,168,08-10-2023,168,false
169,Wrennie,886-561-5391,wpirrone4o@edublogs.org,Construction Foreman,25-01-2024,169,11-03-2024,169,true
170,Thomasin,646-373-5513,tcorah4p@washingtonpost.com,Construction Worker,22-08-2024,170,09-11-2023,170,false
171,Kaiser,450-499-0807,kstrippel4q@reddit.com,Project Manager,08-12-2023,171,04-03-2024,171,false
172,Nevin,270-606-3140,nrigge4r@mysql.com,Supervisor,07-11-2023,172,20-12-2023,172,false
173,Cathleen,859-470-1451,ckidman4s@springer.com,Estimator,17-09-2023,173,27-11-2023,173,true
174,Velvet,134-756-8333,vfilpi4t@ow.ly,Project Manager,09-03-2024,174,12-09-2023,174,true
175,Erie,864-523-3023,edemann4u@lulu.com,Construction Worker,12-09-2023,175,28-10-2023,175,true
176,Amitie,745-536-2313,abagg4v@noaa.gov,Estimator,02-06-2024,176,08-11-2023,176,true
177,Kyrstin,452-182-5190,kdancey4w@oracle.com,Construction Expeditor,27-10-2023,177,04-01-2024,177,false
178,Carson,341-990-2368,cfollett4x@sina.com.cn,Project Manager,10-06-2024,178,20-12-2023,178,true
179,Olin,371-910-2260,oblakden4y@cdbaby.com,Construction Worker,03-08-2024,179,03-11-2023,179,true
180,Wandis,150-990-6542,wsutherington4z@alexa.com,Engineer,20-01-2024,180,27-08-2024,180,true
181,Mel,494-331-9133,mdunkerly50@vistaprint.com,Engineer,28-01-2024,181,31-10-2023,181,true
182,Aurie,767-407-9502,abeever51@google.co.jp,Project Manager,17-08-2024,182,05-03-2024,182,true
183,Cyndia,682-737-0486,csisson52@opera.com,Construction Expeditor,26-10-2023,183,08-10-2023,183,false
184,Anjanette,327-619-4567,adeschelle53@freewebs.com,Engineer,23-10-2023,184,10-11-2023,184,false
185,Mignonne,806-378-1662,mhaddleston54@people.com.cn,Supervisor,29-11-2023,185,19-12-2023,185,false
186,Verla,774-921-9125,vhutfield55@mayoclinic.com,Architect,17-06-2024,186,21-05-2024,186,true
187,Brantley,540-925-3924,bharesnaip56@phoca.cz,Surveyor,07-07-2024,187,11-09-2024,187,false
188,Adolpho,502-209-4302,agagg57@altervista.org,Construction Worker,13-11-2023,188,20-04-2024,188,false
189,Devlin,972-325-5631,dbirdwhistle58@vk.com,Estimator,24-08-2024,189,05-11-2023,189,true
190,Rolfe,845-119-8098,rraiman59@berkeley.edu,Construction Worker,24-09-2023,190,15-12-2023,190,true
191,Misha,712-218-0460,mwhitter5a@nationalgeographic.com,Estimator,19-12-2023,191,29-12-2023,191,true
192,Teodorico,734-410-3498,tmaddra5b@virginia.edu,Architect,20-03-2024,192,21-04-2024,192,true
193,Gregor,389-161-1429,gcortez5c@hugedomains.com,Supervisor,03-06-2024,193,14-05-2024,193,false
194,Karoly,934-420-3600,kwabersinke5d@prweb.com,Estimator,28-12-2023,194,23-12-2023,194,true
195,Gillian,333-858-6909,gdwire5e@icq.com,Construction Manager,21-12-2023,195,02-05-2024,195,true
196,Bethina,889-267-2404,bpottiphar5f@tiny.cc,Engineer,22-09-2023,196,20-08-2024,196,true
197,Lissie,669-960-8514,ldunnet5g@census.gov,Supervisor,02-03-2024,197,21-01-2024,197,true
198,Ravid,579-733-3335,rfatkin5h@blogspot.com,Construction Worker,08-07-2024,198,30-11-2023,198,false
199,Abigael,485-267-0594,awallen5i@hatena.ne.jp,Project Manager,09-06-2024,199,29-07-2024,199,true
200,Monica,551-944-0124,mblain5j@noaa.gov,Estimator,19-10-2023,200,08-09-2024,200,true
201,Kristyn,881-733-6274,kgillyatt5k@tinyurl.com,Construction Worker,02-09-2024,201,13-01-2024,201,false
202,Kaia,964-983-1196,kcolter5l@psu.edu,Surveyor,11-09-2024,202,12-02-2024,202,true
203,Angeline,616-556-8347,afoxley5m@comsenz.com,Project Manager,02-12-2023,203,31-05-2024,203,false
204,Rodge,892-439-2195,rkermon5n@com.com,Architect,08-09-2024,204,17-05-2024,204,true
205,Clay,745-716-6572,cfaucherand5o@hhs.gov,Estimator,25-08-2024,205,04-12-2023,205,true
206,Huntington,655-421-9735,hkeemer5p@apache.org,Subcontractor,30-06-2024,206,25-06-2024,206,false
207,Benito,484-332-3878,bterese5q@noaa.gov,Estimator,05-06-2024,207,05-03-2024,207,false
208,Reggis,792-301-2842,rbucke5r@diigo.com,Architect,25-03-2024,208,04-10-2023,208,false
209,Anstice,111-804-4155,aeriksson5s@blog.com,Architect,01-03-2024,209,10-03-2024,209,true
210,Kit,812-899-6661,kseid5t@cnn.com,Supervisor,22-02-2024,210,01-05-2024,210,true
211,Perri,923-736-3760,pgreenslade5u@economist.com,Subcontractor,26-07-2024,211,15-10-2023,211,false
212,Donalt,510-959-1038,dniave5v@globo.com,Estimator,01-05-2024,212,21-06-2024,212,true
213,Rex,662-460-6906,rcolvine5w@dyndns.org,Engineer,12-10-2023,213,17-04-2024,213,true
214,Janna,201-115-3399,jloughhead5x@webs.com,Architect,26-03-2024,214,29-04-2024,214,false
215,Viva,402-654-6242,vpotteril5y@lycos.com,Electrician,01-01-2024,215,19-01-2024,215,true
216,Cathyleen,160-672-4118,cdalgarnocht5z@amazonaws.com,Subcontractor,17-07-2024,216,08-08-2024,216,true
217,Jemie,598-728-1586,jhiggan60@google.ru,Estimator,10-11-2023,217,01-07-2024,217,false
218,Gayler,922-261-5693,gchadwell61@google.it,Supervisor,03-12-2023,218,04-10-2023,218,true
219,Nikola,229-738-8259,njugging62@csmonitor.com,Construction Manager,19-02-2024,219,23-03-2024,219,true
220,Noelle,233-376-1483,nmchugh63@about.com,Construction Worker,22-04-2024,220,09-07-2024,220,false
221,Carolann,264-381-1836,cwhittet64@spotify.com,Project Manager,16-10-2023,221,30-12-2023,221,true
222,Henrieta,111-499-0686,hwhild65@businessinsider.com,Supervisor,29-01-2024,222,22-10-2023,222,false
223,Alina,812-789-2261,aomulderrig66@de.vu,Surveyor,27-09-2023,223,04-01-2024,223,false
224,Britney,285-720-9646,bmordanti67@spotify.com,Project Manager,18-09-2023,224,28-10-2023,224,true
225,Shirlee,480-487-1374,smcnally68@nba.com,Project Manager,18-12-2023,225,06-10-2023,225,true
226,Jolynn,979-662-2167,jlouch69@odnoklassniki.ru,Project Manager,08-12-2023,226,16-02-2024,226,false
227,Sherwynd,514-366-7392,stembridge6a@flickr.com,Construction Foreman,15-09-2023,227,18-06-2024,227,false
228,Maxwell,269-227-4065,mvogt6b@google.com.au,Supervisor,10-12-2023,228,19-01-2024,228,false
229,Amerigo,287-423-3058,alegh6c@zimbio.com,Electrician,06-04-2024,229,23-02-2024,229,false
230,Northrop,213-177-7568,njonah6d@nasa.gov,Electrician,05-02-2024,230,09-09-2024,230,false
231,Mallissa,199-813-7585,mgreader6e@godaddy.com,Surveyor,20-08-2024,231,18-10-2023,231,false
232,Shepard,235-853-0261,skensall6f@rediff.com,Construction Manager,24-09-2023,232,05-04-2024,232,true
233,Wyn,591-624-9689,wfettiplace6g@sina.com.cn,Construction Worker,05-07-2024,233,26-08-2024,233,false
234,Hobey,847-169-0630,hbarroux6h@oracle.com,Supervisor,21-05-2024,234,12-02-2024,234,true
235,Juliane,204-363-2578,jnovelli6i@parallels.com,Subcontractor,01-03-2024,235,14-08-2024,235,true
236,Rachael,716-531-3593,rtodhunter6j@sourceforge.net,Subcontractor,18-08-2024,236,04-09-2024,236,false
237,Sigvard,172-609-2683,slavrick6k@webmd.com,Electrician,27-10-2023,237,04-06-2024,237,false
238,Mitchell,685-214-0281,msprouls6l@tamu.edu,Construction Foreman,26-10-2023,238,17-06-2024,238,false
239,Cole,127-110-4109,cjepp6m@tumblr.com,Engineer,13-02-2024,239,08-12-2023,239,false
240,Scot,404-635-3804,sferrillo6n@cbslocal.com,Subcontractor,14-01-2024,240,28-12-2023,240,true
241,Catlin,350-857-5258,cqueenborough6o@phoca.cz,Estimator,16-04-2024,241,28-06-2024,241,false
242,Dani,914-557-2066,dforbes6p@google.it,Surveyor,13-07-2024,242,31-10-2023,242,true
243,Clayton,960-216-0014,clawerence6q@blinklist.com,Electrician,02-03-2024,243,10-02-2024,243,false
244,Bob,687-504-7883,bdurrett6r@pbs.org,Construction Manager,01-08-2024,244,12-04-2024,244,true
245,Fleur,861-772-5264,fstronack6s@sciencedirect.com,Construction Foreman,16-09-2023,245,15-01-2024,245,true
246,Katrinka,506-780-4546,kherity6t@unicef.org,Estimator,10-11-2023,246,24-09-2023,246,false
247,Nani,144-202-8877,nwedon6u@last.fm,Architect,31-03-2024,247,25-07-2024,247,false
248,Cairistiona,944-998-1508,cyashanov6v@sourceforge.net,Construction Worker,13-05-2024,248,01-08-2024,248,false
249,Thebault,781-731-0363,tpaynes6w@columbia.edu,Construction Foreman,01-03-2024,249,07-09-2024,249,true
250,Boone,699-985-7470,bphorsby6x@myspace.com,Engineer,17-11-2023,250,22-10-2023,250,false
251,Gregorius,757-882-6187,gwillcocks6y@rakuten.co.jp,Construction Foreman,08-12-2023,251,30-07-2024,251,true
252,Emlen,694-191-5011,etyas6z@imdb.com,Project Manager,02-12-2023,252,06-01-2024,252,true
253,Marlin,678-399-6023,mmcturk70@youku.com,Construction Foreman,08-01-2024,253,24-04-2024,253,false
254,Matias,533-239-9283,mzealy71@cnet.com,Architect,23-12-2023,254,06-04-2024,254,true
255,Brook,943-369-9029,brounce72@infoseek.co.jp,Supervisor,16-03-2024,255,19-10-2023,255,true
256,Dukie,824-830-1034,dkaszper73@imgur.com,Construction Expeditor,24-06-2024,256,27-04-2024,256,false
257,Angie,973-635-8572,abertson74@booking.com,Engineer,29-11-2023,257,03-07-2024,257,false
258,Philippine,782-915-4854,parnaldo75@123-reg.co.uk,Architect,19-05-2024,258,19-09-2023,258,true
259,Reinald,100-812-2059,rkennford76@cpanel.net,Project Manager,19-06-2024,259,11-02-2024,259,true
260,Sharla,986-797-3467,sroberts77@guardian.co.uk,Construction Foreman,14-12-2023,260,27-01-2024,260,true
261,Shawnee,868-143-3938,sstede78@wikimedia.org,Construction Expeditor,26-12-2023,261,20-11-2023,261,true
262,Jasen,395-156-0645,jmottley79@nba.com,Subcontractor,11-12-2023,262,09-06-2024,262,false
263,Conchita,910-288-4509,cjoll7a@rediff.com,Architect,25-10-2023,263,12-10-2023,263,false
264,Deloris,685-935-7901,dprester7b@nytimes.com,Estimator,28-12-2023,264,25-03-2024,264,true
265,Kaycee,441-677-8666,kgaul7c@marketwatch.com,Supervisor,04-01-2024,265,26-07-2024,265,false
266,Glory,851-105-8418,gbearblock7d@wisc.edu,Construction Worker,21-10-2023,266,19-06-2024,266,false
267,Karlotta,638-581-2137,kbahia7e@webmd.com,Architect,07-01-2024,267,13-06-2024,267,true
268,Frazier,395-789-9209,fbuske7f@booking.com,Construction Foreman,24-10-2023,268,13-03-2024,268,true
269,Ariadne,538-755-6077,afearnside7g@cyberchimps.com,Construction Worker,13-05-2024,269,30-01-2024,269,true
270,Brianna,657-598-8673,bglyn7h@bbb.org,Engineer,03-02-2024,270,31-05-2024,270,false
271,Mattie,113-957-3091,mtorra7i@cafepress.com,Construction Expeditor,30-06-2024,271,27-10-2023,271,true
272,Tiffy,349-292-7001,tmushett7j@apple.com,Architect,17-08-2024,272,10-03-2024,272,true
273,Lilla,335-616-1397,lbaggs7k@netlog.com,Construction Expeditor,14-10-2023,273,25-05-2024,273,false
274,Niel,979-619-2902,nyellowlea7l@arizona.edu,Construction Worker,20-11-2023,274,06-09-2024,274,false
275,Karyl,191-547-7927,kmaxsted7m@admin.ch,Electrician,04-12-2023,275,13-02-2024,275,true
276,Lory,766-386-0655,lfirmin7n@hao123.com,Construction Expeditor,07-09-2024,276,07-03-2024,276,false
277,Perkin,676-469-8670,pblaksland7o@jugem.jp,Construction Manager,24-09-2023,277,30-01-2024,277,true
278,Dode,175-700-1672,dworms7p@amazon.co.uk,Project Manager,19-07-2024,278,08-07-2024,278,false
279,Kort,801-129-5528,kgiacomucci7q@topsy.com,Construction Worker,05-11-2023,279,16-03-2024,279,false
280,Trudy,405-631-2295,thugonneau7r@moonfruit.com,Construction Foreman,03-09-2024,280,04-04-2024,280,false
281,Beverie,601-205-8548,bblann7s@naver.com,Project Manager,04-11-2023,281,17-09-2023,281,true
282,Christian,355-319-9072,clavery7t@imageshack.us,Subcontractor,20-01-2024,282,16-01-2024,282,true
283,Lindy,733-120-4240,lcreddon7u@com.com,Estimator,15-05-2024,283,12-06-2024,283,true
284,Culley,285-442-1758,crawood7v@aboutads.info,Estimator,25-09-2023,284,09-08-2024,284,true
285,Tracie,507-113-1241,tmeneyer7w@nasa.gov,Subcontractor,24-06-2024,285,26-09-2023,285,true
286,Papageno,233-993-5224,phannigan7x@reddit.com,Project Manager,04-11-2023,286,10-06-2024,286,false
287,Pacorro,387-231-6201,palessandretti7y@scientificamerican.com,Engineer,25-10-2023,287,29-02-2024,287,false
288,Austina,160-363-9608,adurber7z@discuz.net,Construction Worker,04-07-2024,288,16-05-2024,288,true
289,Malory,422-877-1435,mstares80@networksolutions.com,Construction Expeditor,30-03-2024,289,09-07-2024,289,false
290,Conrad,308-373-2701,cjerschke81@aol.com,Construction Worker,03-09-2024,290,29-08-2024,290,true
291,Lynnet,890-662-3041,lkolak82@epa.gov,Subcontractor,10-01-2024,291,22-12-2023,291,false
292,Fredericka,755-238-6651,fsandys83@mac.com,Electrician,28-10-2023,292,06-01-2024,292,false
293,Adi,399-162-0934,amacari84@vistaprint.com,Architect,16-11-2023,293,05-05-2024,293,true
294,Xerxes,431-739-0040,xoshea85@walmart.com,Estimator,02-08-2024,294,22-09-2023,294,true
295,Yuma,748-538-2942,yberrey86@unblog.fr,Estimator,28-11-2023,295,02-03-2024,295,true
296,Dante,910-267-1205,ddewbury87@soundcloud.com,Supervisor,27-12-2023,296,14-03-2024,296,true
297,Emera,176-960-8335,eosgodby88@gizmodo.com,Construction Manager,20-06-2024,297,13-03-2024,297,true
298,Bart,768-834-9016,bbooi89@godaddy.com,Supervisor,19-07-2024,298,26-04-2024,298,false
299,Mead,811-393-0426,mfortun8a@wp.com,Supervisor,15-03-2024,299,27-07-2024,299,false
300,Addia,503-896-9393,aturneaux8b@dagondesign.com,Supervisor,26-09-2023,300,22-05-2024,300,false
301,Jeremie,843-200-9132,jjuan8c@columbia.edu,Supervisor,10-02-2024,301,18-12-2023,301,false
302,Bron,773-977-9397,bpettendrich8d@adobe.com,Project Manager,25-02-2024,302,03-01-2024,302,false
303,Dulcia,505-304-2665,dmidner8e@columbia.edu,Surveyor,22-10-2023,303,30-03-2024,303,true
304,Nero,620-634-3758,nbendson8f@ask.com,Project Manager,03-09-2024,304,27-11-2023,304,true
305,Janeen,218-426-8249,jdowney8g@ask.com,Construction Expeditor,25-05-2024,305,01-11-2023,305,false
306,Amargo,741-394-6460,abould8h@list-manage.com,Construction Expeditor,17-09-2023,306,12-06-2024,306,false
307,Alvira,865-591-6906,agalton8i@last.fm,Electrician,19-10-2023,307,06-08-2024,307,false
308,Burnaby,508-530-2413,bfalkous8j@upenn.edu,Estimator,28-01-2024,308,15-12-2023,308,false
309,Karena,588-336-0877,ksnaith8k@engadget.com,Architect,09-09-2024,309,04-10-2023,309,false
310,Jamie,493-116-3786,jgoodrich8l@shinystat.com,Surveyor,14-02-2024,310,14-11-2023,310,false
311,Elston,196-815-9564,ewarrillow8m@independent.co.uk,Project Manager,17-11-2023,311,13-09-2023,311,false
312,Friederike,460-140-0482,ffetteplace8n@parallels.com,Construction Worker,14-04-2024,312,29-11-2023,312,false
313,Fernanda,919-273-7784,fwhitwham8o@homestead.com,Subcontractor,11-06-2024,313,13-04-2024,313,true
314,Kristel,620-282-9858,kfishly8p@uol.com.br,Construction Expeditor,18-01-2024,314,24-05-2024,314,false
315,Artus,970-391-7089,afeldfisher8q@who.int,Supervisor,13-12-2023,315,18-01-2024,315,false
316,Tanny,683-451-2634,tivanchenkov8r@businessweek.com,Project Manager,10-09-2024,316,30-11-2023,316,true
317,Rurik,969-258-2312,rbelmont8s@blogs.com,Electrician,10-05-2024,317,08-09-2024,317,false
318,Yovonnda,223-613-3868,yhuff8t@china.com.cn,Subcontractor,09-06-2024,318,26-05-2024,318,false
319,Harriott,658-706-0375,hkahn8u@msn.com,Architect,12-08-2024,319,20-07-2024,319,true
320,Bobby,964-350-6977,biacopo8v@hostgator.com,Architect,15-08-2024,320,04-05-2024,320,true
321,Margit,949-714-0661,mbraniff8w@sphinn.com,Supervisor,24-08-2024,321,02-02-2024,321,false
322,Rois,569-851-3898,rdacosta8x@goo.ne.jp,Estimator,29-12-2023,322,22-08-2024,322,true
323,Phylys,515-975-7106,pmcquin8y@telegraph.co.uk,Surveyor,22-12-2023,323,28-01-2024,323,true
324,Donny,137-911-2365,dgalland8z@theglobeandmail.com,Construction Worker,18-04-2024,324,26-06-2024,324,false
325,Jose,661-648-2862,jshewsmith90@stumbleupon.com,Engineer,11-09-2024,325,09-06-2024,325,true
326,Britte,564-614-6077,bconen91@google.es,Construction Worker,11-01-2024,326,25-02-2024,326,true
327,Eadie,376-451-4145,ejuara92@cpanel.net,Project Manager,31-07-2024,327,17-10-2023,327,false
328,Tybalt,889-973-0808,trouby93@pagesperso-orange.fr,Surveyor,05-12-2023,328,10-11-2023,328,false
329,Gerianne,570-369-1464,gsute94@networkadvertising.org,Construction Expeditor,03-09-2024,329,22-05-2024,329,false
330,Amelia,931-531-6129,atomalin95@tripod.com,Supervisor,05-09-2024,330,07-06-2024,330,false
331,Blondie,113-390-5353,bditchett96@skype.com,Supervisor,23-07-2024,331,28-06-2024,331,false
332,Bernete,303-449-9663,bsoff97@fema.gov,Engineer,15-01-2024,332,25-01-2024,332,false
333,Etta,288-832-1661,einkle98@goo.ne.jp,Subcontractor,20-12-2023,333,13-06-2024,333,false
334,Jared,400-154-2004,jsims99@devhub.com,Supervisor,03-10-2023,334,06-11-2023,334,true
335,Rhianon,975-142-1591,rryle9a@prnewswire.com,Electrician,27-12-2023,335,25-01-2024,335,false
336,Donny,468-182-5373,dmcgarvey9b@howstuffworks.com,Construction Foreman,01-05-2024,336,31-05-2024,336,false
337,Ilario,323-954-5223,iflaunier9c@about.me,Estimator,20-05-2024,337,07-02-2024,337,true
338,Grover,434-230-2528,gbernth9d@indiatimes.com,Engineer,29-10-2023,338,07-03-2024,338,false
339,Orton,817-846-0786,obehnecke9e@tuttocitta.it,Architect,07-09-2024,339,17-05-2024,339,true
340,Farrah,984-342-9222,fswinburne9f@e-recht24.de,Construction Manager,13-05-2024,340,06-01-2024,340,false
341,Adore,727-111-3748,aedelheit9g@seattletimes.com,Estimator,13-06-2024,341,16-11-2023,341,true
342,Cordey,563-721-1333,cfeldstein9h@xinhuanet.com,Estimator,07-05-2024,342,12-01-2024,342,true
343,Murry,274-707-7983,mdenecamp9i@usnews.com,Construction Worker,25-11-2023,343,19-09-2023,343,false
344,Marie-jeanne,205-353-9639,myeomans9j@twitpic.com,Construction Worker,13-08-2024,344,25-01-2024,344,true
345,Merralee,253-175-8023,mshrimpling9k@cbslocal.com,Construction Worker,17-02-2024,345,09-03-2024,345,false
346,Gordan,581-683-1667,gsamworth9l@chronoengine.com,Architect,09-06-2024,346,02-03-2024,346,false
347,Piper,680-996-7357,pstachini9m@bandcamp.com,Construction Manager,26-11-2023,347,04-01-2024,347,true
348,Judy,461-145-7100,jcallaway9n@ehow.com,Project Manager,30-07-2024,348,02-09-2024,348,false
349,Karlene,815-618-7857,khinkins9o@forbes.com,Construction Foreman,05-08-2024,349,21-07-2024,349,false
350,Mart,652-469-4420,mkeasey9p@vimeo.com,Surveyor,01-02-2024,350,10-11-2023,350,false
351,Edeline,910-714-9440,ecovotto9q@soup.io,Subcontractor,16-06-2024,351,04-11-2023,351,false
352,Wit,893-952-2000,wstubley9r@linkedin.com,Construction Foreman,11-05-2024,352,27-06-2024,352,false
353,Arleyne,476-731-1060,adelacour9s@google.es,Project Manager,12-09-2023,353,16-05-2024,353,true
354,Cesare,742-330-7699,ccottis9t@nature.com,Subcontractor,10-03-2024,354,06-05-2024,354,false
355,Granny,675-232-7690,gginnane9u@elegantthemes.com,Supervisor,16-03-2024,355,29-05-2024,355,false
356,Cammy,926-841-0851,cocannan9v@edublogs.org,Construction Worker,04-08-2024,356,24-05-2024,356,false
357,Benetta,162-842-6410,btillerton9w@parallels.com,Construction Foreman,12-07-2024,357,10-11-2023,357,true
358,Min,808-246-9947,msager9x@columbia.edu,Architect,01-09-2024,358,26-06-2024,358,true
359,Olenka,872-474-7647,ochastaing9y@noaa.gov,Construction Worker,22-10-2023,359,12-10-2023,359,false
360,Forbes,529-574-4734,fniezen9z@shinystat.com,Surveyor,08-08-2024,360,24-02-2024,360,true
361,Opaline,369-830-9835,oelsaya0@tiny.cc,Surveyor,15-10-2023,361,15-02-2024,361,true
362,Alfreda,781-250-0487,atifta1@youtu.be,Surveyor,19-01-2024,362,13-03-2024,362,true
363,Urson,702-152-4693,uambrusa2@netlog.com,Construction Foreman,21-11-2023,363,26-08-2024,363,false
364,Carmine,744-961-2382,ccassa3@reuters.com,Construction Worker,20-07-2024,364,27-02-2024,364,true
365,Alvinia,393-503-7609,aloughlina4@columbia.edu,Project Manager,29-02-2024,365,18-03-2024,365,false
366,Tim,162-201-8146,tsowdena5@unicef.org,Subcontractor,24-12-2023,366,06-07-2024,366,false
367,Dulciana,154-301-8492,dstarmera6@bloglines.com,Surveyor,16-06-2024,367,18-11-2023,367,false
368,Milli,788-575-1518,msondona7@redcross.org,Electrician,02-02-2024,368,04-04-2024,368,true
369,Terese,248-861-9552,tgowara8@discovery.com,Project Manager,27-03-2024,369,22-10-2023,369,true
370,Cal,745-998-0466,cbumphreya9@hhs.gov,Construction Expeditor,27-09-2023,370,17-12-2023,370,true
371,Melinde,868-945-5095,mrushbrookeaa@so-net.ne.jp,Electrician,03-02-2024,371,21-12-2023,371,false
372,Pippa,420-858-5121,pbrimblecombeab@live.com,Supervisor,08-01-2024,372,23-06-2024,372,false
373,Clemmie,241-541-9968,cbruckenthalac@umich.edu,Subcontractor,23-06-2024,373,06-11-2023,373,false
374,Cassy,197-716-6473,cguerraad@a8.net,Estimator,29-07-2024,374,20-05-2024,374,false
375,Faith,281-307-4308,ftomasinoae@boston.com,Subcontractor,27-07-2024,375,27-12-2023,375,false
376,Hastie,962-965-0307,hliddicoataf@woothemes.com,Project Manager,18-11-2023,376,12-09-2023,376,true
377,Kristien,655-905-4413,kcarleag@google.ru,Construction Expeditor,22-05-2024,377,20-08-2024,377,true
378,Celestyna,964-219-7800,ctitchmarshah@lulu.com,Construction Expeditor,18-01-2024,378,08-07-2024,378,false
379,Claudian,868-701-7917,cdannohlai@wp.com,Construction Foreman,26-02-2024,379,07-04-2024,379,true
380,Callida,390-614-7584,cmaestroaj@paginegialle.it,Construction Expeditor,09-08-2024,380,06-02-2024,380,false
381,Sigrid,101-799-0296,sdollimoreak@macromedia.com,Supervisor,28-03-2024,381,06-05-2024,381,true
382,Gusti,443-938-6480,gmaccauleyal@apache.org,Engineer,11-10-2023,382,08-06-2024,382,false
383,Jeralee,409-778-4052,jspuram@friendfeed.com,Electrician,15-07-2024,383,11-08-2024,383,false
384,Brendan,523-660-1561,bpoean@tmall.com,Surveyor,11-01-2024,384,28-05-2024,384,false
385,Reeba,639-804-7285,rgiblettao@youtube.com,Electrician,31-10-2023,385,20-03-2024,385,false
386,Minda,472-509-9637,mlyenyngap@yellowpages.com,Construction Worker,24-11-2023,386,09-03-2024,386,false
387,Philippa,582-981-5678,pperkisaq@bloglines.com,Engineer,27-12-2023,387,23-11-2023,387,true
388,Jeannette,596-907-6815,jarnkear@surveymonkey.com,Construction Expeditor,20-06-2024,388,26-02-2024,388,true
389,Caprice,243-713-2602,carmeras@shinystat.com,Electrician,02-11-2023,389,18-08-2024,389,false
390,Moina,978-504-8486,mcorkat@linkedin.com,Supervisor,06-10-2023,390,09-05-2024,390,false
391,Joline,643-224-3543,jcloneyau@youtube.com,Estimator,26-09-2023,391,27-04-2024,391,false
392,Anica,638-328-6991,alamprechtav@bloomberg.com,Construction Expeditor,07-05-2024,392,14-03-2024,392,true
393,Dalli,370-802-3071,dzecchiaw@va.gov,Electrician,20-01-2024,393,13-05-2024,393,true
394,Reina,293-568-8655,rsherax@cafepress.com,Construction Foreman,05-04-2024,394,15-02-2024,394,false
395,Steffi,116-580-0344,smatiasekay@google.it,Subcontractor,04-03-2024,395,24-01-2024,395,true
396,Taryn,374-649-6270,tfeelyaz@ucoz.com,Surveyor,23-07-2024,396,03-01-2024,396,false
397,Danny,509-982-8002,dspellaceyb0@discuz.net,Architect,17-05-2024,397,31-03-2024,397,true
398,Nerita,516-451-9643,nbootb1@google.ru,Project Manager,18-10-2023,398,04-02-2024,398,false
399,Hayyim,476-453-5354,haskawb2@ning.com,Project Manager,21-11-2023,399,01-11-2023,399,false
400,Hannah,457-247-2916,hgoingb3@flavors.me,Construction Manager,03-11-2023,400,25-10-2023,400,false
401,Batsheva,972-446-4849,bbedwardb4@nationalgeographic.com,Project Manager,08-05-2024,401,26-08-2024,401,false
402,Zebadiah,580-946-5790,zwrenb5@answers.com,Project Manager,13-03-2024,402,12-01-2024,402,true
403,Toni,266-372-4520,tquirkb6@blogger.com,Surveyor,31-01-2024,403,14-11-2023,403,true
404,Seumas,626-132-2742,sportwainb7@nasa.gov,Subcontractor,21-02-2024,404,22-08-2024,404,true
405,Denis,447-552-6269,dtumultyb8@google.de,Construction Worker,17-03-2024,405,18-08-2024,405,false
406,Peta,517-242-3222,pbrusleb9@senate.gov,Supervisor,07-08-2024,406,05-03-2024,406,false
407,Bondie,422-280-7504,bparadesba@mediafire.com,Construction Worker,16-01-2024,407,29-02-2024,407,true
408,Gretna,260-200-5681,gmcritchiebb@about.me,Subcontractor,17-04-2024,408,17-03-2024,408,true
409,Phillip,675-555-9962,pnuccitellibc@umich.edu,Project Manager,08-08-2024,409,17-02-2024,409,false
410,Dana,472-461-0472,dlamortbd@kickstarter.com,Architect,15-10-2023,410,12-07-2024,410,false
411,Michele,467-975-0034,mleggingbe@devhub.com,Subcontractor,02-01-2024,411,26-01-2024,411,false
412,Sari,851-468-5916,smacfadinbf@phoca.cz,Electrician,10-10-2023,412,15-10-2023,412,false
413,Stevena,468-534-3626,spitkethlybg@thetimes.co.uk,Project Manager,05-02-2024,413,14-06-2024,413,true
414,Berty,946-796-9715,bbandtbh@elpais.com,Project Manager,27-04-2024,414,13-07-2024,414,false
415,Julie,997-454-3859,jbeccerabi@i2i.jp,Construction Manager,31-03-2024,415,13-08-2024,415,false
416,Desdemona,121-299-6557,dcroasdalebj@census.gov,Construction Manager,24-09-2023,416,10-05-2024,416,true
417,Delcine,875-670-1076,dhalloranbk@cam.ac.uk,Surveyor,09-09-2024,417,07-10-2023,417,true
418,Maurene,699-161-9689,mmacginneybl@shareasale.com,Subcontractor,15-12-2023,418,05-04-2024,418,false
419,Sylvan,564-536-3135,sbozierbm@prweb.com,Electrician,04-09-2024,419,31-03-2024,419,true
420,Sol,912-946-5407,sdandobn@multiply.com,Surveyor,16-02-2024,420,25-03-2024,420,false
421,Leonerd,660-655-3115,ldurekbo@ibm.com,Project Manager,17-12-2023,421,17-12-2023,421,true
422,Rockie,370-699-9751,rlandrieubp@msu.edu,Construction Foreman,29-10-2023,422,14-07-2024,422,false
423,Ingar,503-154-9860,imorduebq@wordpress.com,Construction Foreman,03-07-2024,423,17-10-2023,423,false
424,Cesya,660-726-6904,cthomtonbr@1688.com,Project Manager,19-11-2023,424,03-02-2024,424,true
425,Selia,282-709-6481,slanderbs@alexa.com,Construction Worker,25-05-2024,425,28-01-2024,425,false
426,Val,269-400-2508,vharrillbt@japanpost.jp,Construction Worker,15-07-2024,426,20-10-2023,426,true
427,Shirleen,643-965-5781,serskinebu@accuweather.com,Construction Foreman,01-07-2024,427,29-09-2023,427,false
428,Carson,794-668-4683,cpenningtonbv@cbc.ca,Supervisor,15-12-2023,428,01-02-2024,428,false
429,Miran,415-869-4565,mgremanebw@techcrunch.com,Architect,11-11-2023,429,02-10-2023,429,true
430,Felicia,613-912-8949,fbricketbx@ask.com,Construction Foreman,19-11-2023,430,20-07-2024,430,true
431,Even,478-801-4587,ebeacomby@salon.com,Construction Expeditor,05-10-2023,431,02-09-2024,431,false
432,Francine,396-464-9814,fdiggonsbz@gizmodo.com,Surveyor,06-12-2023,432,27-09-2023,432,true
433,Rhodie,494-852-8754,randererc0@storify.com,Architect,14-08-2024,433,03-04-2024,433,true
434,Herbie,978-895-6990,hvogelec1@imdb.com,Project Manager,23-12-2023,434,20-08-2024,434,false
435,Debor,756-899-4283,ddeboldc2@soundcloud.com,Engineer,11-05-2024,435,12-06-2024,435,true
436,Theadora,517-696-7193,tmcnabbc3@mac.com,Construction Manager,11-07-2024,436,06-07-2024,436,false
437,Sherrie,696-177-0967,sneathwayc4@shareasale.com,Subcontractor,08-08-2024,437,12-04-2024,437,true
438,Gilli,733-336-5626,gmontelc5@auda.org.au,Construction Worker,18-06-2024,438,26-04-2024,438,false
439,Shaine,464-574-9981,sbignallc6@istockphoto.com,Engineer,12-07-2024,439,31-01-2024,439,false
440,Stanley,907-131-2334,sharnellc7@freewebs.com,Construction Expeditor,16-04-2024,440,11-07-2024,440,false
441,Wendall,100-971-4605,wwillsmorec8@icq.com,Supervisor,11-05-2024,441,18-09-2023,441,true
442,Morna,575-437-2495,mgoodac9@prweb.com,Surveyor,10-10-2023,442,29-10-2023,442,false
443,Mendel,327-200-5029,mcoutthartca@time.com,Surveyor,27-06-2024,443,07-01-2024,443,true
444,Cathrin,568-368-9670,checknercb@skype.com,Construction Expeditor,09-01-2024,444,28-02-2024,444,false
445,Janos,199-891-5147,jlowreycc@netscape.com,Construction Expeditor,22-05-2024,445,15-03-2024,445,false
446,Jedidiah,795-257-4397,jboultcd@china.com.cn,Electrician,08-04-2024,446,23-08-2024,446,false
447,Anastasie,692-732-7415,apendallce@abc.net.au,Construction Worker,25-11-2023,447,19-11-2023,447,false
448,Malinda,855-663-6026,mcollatoncf@mapquest.com,Architect,26-07-2024,448,14-06-2024,448,true
449,Pauli,839-737-1199,pbrambellcg@scientificamerican.com,Project Manager,29-10-2023,449,09-05-2024,449,true
450,Winnah,784-477-3163,wleopoldch@istockphoto.com,Estimator,07-11-2023,450,18-02-2024,450,true
451,Alla,772-780-7941,abisphamci@ustream.tv,Construction Foreman,07-09-2024,451,02-05-2024,451,true
452,Koralle,806-444-9854,kqueripelcj@unicef.org,Surveyor,06-12-2023,452,27-09-2023,452,false
453,Yuma,965-212-4491,yrumbleck@google.de,Surveyor,02-12-2023,453,01-03-2024,453,true
454,Mireille,196-881-7150,mwerrettcl@arizona.edu,Construction Foreman,07-11-2023,454,05-12-2023,454,false
455,Albertine,251-204-7498,adaggcm@loc.gov,Supervisor,25-06-2024,455,25-02-2024,455,false
456,Rabi,571-200-0299,rgoodyearcn@home.pl,Surveyor,07-01-2024,456,28-02-2024,456,true
457,Corine,687-652-3427,ccarlickco@opensource.org,Supervisor,13-10-2023,457,14-03-2024,457,false
458,Doreen,669-813-5975,dbaynescp@nydailynews.com,Construction Manager,08-10-2023,458,04-01-2024,458,false
459,Marabel,858-681-6085,mroslencq@seattletimes.com,Project Manager,28-07-2024,459,26-05-2024,459,true
460,Geraldine,875-501-1298,gdegnencr@hhs.gov,Surveyor,15-02-2024,460,16-02-2024,460,true
461,Carilyn,798-274-0791,cpassocs@smh.com.au,Surveyor,11-04-2024,461,31-12-2023,461,false
462,Dorelia,274-382-7202,dbaggalleyct@google.de,Engineer,17-05-2024,462,19-11-2023,462,false
463,Terese,688-486-2371,tlambrechtcu@wordpress.com,Construction Foreman,17-04-2024,463,09-08-2024,463,true
464,Terrye,643-261-8056,ttackellcv@netlog.com,Electrician,03-01-2024,464,13-08-2024,464,true
465,Annalise,800-428-8269,ahalksworthcw@telegraph.co.uk,Construction Expeditor,23-02-2024,465,17-06-2024,465,false
466,Theressa,470-880-9345,twallworkecx@imageshack.us,Engineer,23-10-2023,466,19-04-2024,466,false
467,Halley,714-896-7704,hchristoforoucy@stumbleupon.com,Supervisor,11-02-2024,467,31-08-2024,467,true
468,Nye,751-360-3674,ngosfordcz@facebook.com,Project Manager,08-07-2024,468,29-07-2024,468,true
469,Gavan,795-616-1007,gproudlockd0@hugedomains.com,Construction Expeditor,15-02-2024,469,20-11-2023,469,true
470,Kiley,294-542-6249,kputtergilld1@mayoclinic.com,Estimator,30-09-2023,470,26-08-2024,470,true
471,Pascal,459-116-3896,pmonumentd2@quantcast.com,Construction Expeditor,07-01-2024,471,15-10-2023,471,true
472,Merridie,319-406-1308,mdodsond3@github.com,Construction Expeditor,12-03-2024,472,15-08-2024,472,true
473,Kaleena,184-666-0063,kwhopplesd4@photobucket.com,Surveyor,04-03-2024,473,08-08-2024,473,false
474,Adan,293-109-0124,aomullend5@friendfeed.com,Electrician,07-08-2024,474,14-11-2023,474,false
475,Mariann,887-214-2194,myud6@hao123.com,Construction Worker,28-01-2024,475,19-10-2023,475,false
476,Garnette,914-820-1033,grestond7@over-blog.com,Engineer,18-10-2023,476,05-02-2024,476,true
477,Raffaello,223-158-2102,rkennead8@europa.eu,Surveyor,10-10-2023,477,26-01-2024,477,true
478,Bay,477-245-8342,bliddend9@europa.eu,Construction Expeditor,19-04-2024,478,17-05-2024,478,false
479,Margarette,486-786-8707,mratcliffda@cnbc.com,Subcontractor,22-09-2023,479,08-04-2024,479,false
480,Anett,460-859-7459,aocannovanedb@amazonaws.com,Construction Foreman,24-08-2024,480,13-02-2024,480,false
481,Fae,975-213-5784,ftymdc@economist.com,Construction Foreman,10-06-2024,481,03-02-2024,481,true
482,Raddie,462-807-3902,rdengedd@wp.com,Architect,25-01-2024,482,15-01-2024,482,false
483,Sherye,613-365-3910,setoilede@behance.net,Architect,13-09-2023,483,15-06-2024,483,true
484,Annalee,926-852-0624,aeidlerdf@ifeng.com,Subcontractor,22-06-2024,484,29-10-2023,484,true
485,Ilsa,690-344-7281,igoodydg@instagram.com,Estimator,29-09-2023,485,21-01-2024,485,true
486,Cariotta,618-146-3358,ctukedh@telegraph.co.uk,Construction Foreman,17-11-2023,486,11-05-2024,486,false
487,Dorena,912-408-2108,dwalkowskidi@youtube.com,Subcontractor,12-04-2024,487,17-08-2024,487,true
488,Dorey,946-400-7401,dgiovanardidj@hostgator.com,Construction Worker,18-04-2024,488,12-11-2023,488,true
489,Sindee,823-280-5865,skasherdk@who.int,Subcontractor,30-09-2023,489,27-11-2023,489,false
490,Hamil,561-320-1861,hsprittdl@state.gov,Construction Manager,17-10-2023,490,04-11-2023,490,true
491,Adoree,914-679-8822,astefidm@forbes.com,Architect,15-06-2024,491,21-11-2023,491,true
492,Kirstyn,513-744-5861,ksciussciettodn@nps.gov,Electrician,08-01-2024,492,29-12-2023,492,true
493,Dillie,509-757-6667,dcornbelldo@ebay.co.uk,Electrician,10-02-2024,493,28-05-2024,493,false
494,Julie,630-556-8305,jhynedp@tinypic.com,Supervisor,25-05-2024,494,30-11-2023,494,false
495,Silvia,139-781-2864,scasperdq@va.gov,Surveyor,19-09-2023,495,09-04-2024,495,false
496,Gwenore,214-121-4191,gmayhewdr@abc.net.au,Estimator,14-06-2024,496,30-05-2024,496,true
497,Carlene,815-620-2617,cbushillds@nhs.uk,Engineer,02-08-2024,497,13-04-2024,497,true
498,Tildi,538-103-3030,thawickdt@shinystat.com,Architect,10-04-2024,498,09-08-2024,498,false
499,Ferrel,574-194-7247,fleonardidu@networkadvertising.org,Construction Foreman,13-12-2023,499,13-08-2024,499,false
500,Aretha,903-766-2593,alemmondv@shutterfly.com,Project Manager,21-11-2023,500,16-03-2024,500,true
501,Boigie,533-657-6991,bkittemandw@wikimedia.org,Construction Manager,11-01-2024,501,08-06-2024,501,false
502,Kelly,569-875-8808,kcrakedx@netscape.com,Subcontractor,19-03-2024,502,25-01-2024,502,false
503,Adolphe,424-211-6894,aclausiusdy@washingtonpost.com,Surveyor,11-12-2023,503,20-01-2024,503,true
504,Wendeline,451-614-6569,wbodegadz@sohu.com,Project Manager,31-08-2024,504,14-02-2024,504,true
505,Kennith,438-139-8832,ktittershille0@jalbum.net,Electrician,06-09-2024,505,10-11-2023,505,true
506,Vikky,671-269-0308,vmurneye1@harvard.edu,Project Manager,19-12-2023,506,28-06-2024,506,true
507,Stacey,398-922-1402,sadaneze2@flickr.com,Subcontractor,12-07-2024,507,12-10-2023,507,false
508,Valaree,597-998-5273,vbuttgowe3@redcross.org,Electrician,09-06-2024,508,05-03-2024,508,false
509,Darcie,443-779-8509,dfosserde4@cnn.com,Construction Manager,02-12-2023,509,08-05-2024,509,false
510,Janifer,500-699-8673,jkenziee5@amazon.de,Subcontractor,31-07-2024,510,14-07-2024,510,false
511,Nan,340-834-2442,nfindlowe6@cbsnews.com,Architect,15-06-2024,511,09-09-2024,511,true
512,Gabriello,602-889-7707,gmccheynee7@phoca.cz,Construction Foreman,02-06-2024,512,02-01-2024,512,true
513,Jere,224-350-8398,jwittletone8@csmonitor.com,Construction Manager,12-10-2023,513,28-09-2023,513,true
514,Ted,284-222-4960,tgildeae9@sciencedirect.com,Project Manager,18-08-2024,514,15-07-2024,514,false
515,Geri,571-451-6894,gmarfeea@hugedomains.com,Construction Manager,22-01-2024,515,12-11-2023,515,true
516,Bailey,582-795-5678,bpledgereb@ibm.com,Estimator,26-02-2024,516,09-10-2023,516,false
517,Sydelle,230-725-8848,shamonec@shop-pro.jp,Supervisor,02-08-2024,517,06-10-2023,517,false
518,Emlynn,846-314-6774,ereysoned@wikipedia.org,Subcontractor,09-06-2024,518,28-08-2024,518,false
519,Adolpho,978-842-9393,abuckmasteree@squidoo.com,Construction Manager,16-02-2024,519,04-02-2024,519,false
520,Karlyn,974-296-6306,kcordeiroef@csmonitor.com,Engineer,25-03-2024,520,22-11-2023,520,true
521,Paulie,167-886-2932,ppalatinoeg@jimdo.com,Electrician,13-06-2024,521,31-03-2024,521,false
522,Nisse,488-307-2195,nerdelyeh@msn.com,Surveyor,26-02-2024,522,21-01-2024,522,false
523,Rory,636-660-7952,rolivieei@myspace.com,Project Manager,26-06-2024,523,01-01-2024,523,false
524,Constantia,623-759-1246,cbreitlingej@friendfeed.com,Construction Expeditor,09-01-2024,524,01-02-2024,524,true
525,Scotti,218-435-9704,smiddlemassek@ebay.co.uk,Construction Manager,22-08-2024,525,01-09-2024,525,true
526,Caspar,861-809-2430,ctroupel@jugem.jp,Architect,06-12-2023,526,20-01-2024,526,true
527,Madlen,705-688-5865,mmckimmieem@blinklist.com,Construction Foreman,17-02-2024,527,17-07-2024,527,true
528,Bryant,387-577-0755,bfourmanen@biglobe.ne.jp,Engineer,02-05-2024,528,26-04-2024,528,true
529,Addia,767-700-3761,agreensmitheo@stumbleupon.com,Project Manager,05-08-2024,529,03-11-2023,529,true
530,Carlin,961-276-6489,ctreadwellep@fc2.com,Construction Expeditor,02-03-2024,530,14-01-2024,530,false
531,Blakelee,693-589-5462,bnapoleoneeq@bloglines.com,Supervisor,05-02-2024,531,15-05-2024,531,false
532,Ann-marie,886-204-1406,aphillippser@imgur.com,Construction Worker,10-05-2024,532,16-02-2024,532,true
533,Con,327-550-1737,caleevyes@uol.com.br,Construction Manager,11-08-2024,533,12-09-2023,533,true
534,Tomlin,340-714-9463,tscanlanet@google.es,Subcontractor,16-09-2023,534,16-10-2023,534,true
535,Caleb,127-818-3284,crissomeu@amazon.co.jp,Supervisor,05-05-2024,535,28-01-2024,535,true
536,Fenelia,860-899-8122,fpiellev@businessweek.com,Surveyor,23-04-2024,536,01-11-2023,536,false
537,Reider,713-720-7709,rruckew@umich.edu,Electrician,04-09-2024,537,26-01-2024,537,true
538,Valaria,413-117-7823,vwoolacottex@drupal.org,Project Manager,29-04-2024,538,10-03-2024,538,true
539,Collette,292-868-7193,cmacgahyey@yahoo.co.jp,Surveyor,05-05-2024,539,01-02-2024,539,true
540,Phebe,602-790-6868,ploacheez@microsoft.com,Project Manager,27-06-2024,540,29-04-2024,540,true
541,Connie,583-558-5672,casprayf0@google.com.hk,Construction Manager,06-08-2024,541,18-02-2024,541,false
542,Loralie,534-485-5272,lsladerf1@github.io,Electrician,13-10-2023,542,06-03-2024,542,true
543,Hyatt,472-479-2382,hjutsonf2@exblog.jp,Project Manager,20-02-2024,543,05-03-2024,543,true
544,Tove,882-901-8600,tattenborrowf3@netlog.com,Supervisor,17-07-2024,544,20-11-2023,544,false
545,Tabbie,498-564-2024,tdingf4@xing.com,Architect,18-09-2023,545,10-08-2024,545,true
546,Alfred,910-659-1214,avidlocf5@rambler.ru,Subcontractor,26-12-2023,546,31-01-2024,546,true
547,Isabel,955-881-1942,ichastagnierf6@reference.com,Estimator,12-07-2024,547,14-07-2024,547,true
548,Oneida,870-132-8060,odoyleyf7@lycos.com,Supervisor,19-08-2024,548,26-04-2024,548,false
549,Burt,561-741-7750,btathacottf8@who.int,Surveyor,02-01-2024,549,29-10-2023,549,true
550,Honor,172-526-7408,hgennrichf9@angelfire.com,Project Manager,25-04-2024,550,12-10-2023,550,true
551,Lucina,738-911-4133,lmcgonaglefa@is.gd,Subcontractor,17-11-2023,551,17-08-2024,551,false
552,Yevette,292-734-9962,ylemarchantfb@networksolutions.com,Construction Manager,26-09-2023,552,04-05-2024,552,false
553,Nomi,394-804-8814,neariefc@skype.com,Architect,08-02-2024,553,18-01-2024,553,false
554,Jaclyn,207-417-9952,jfrontczakfd@joomla.org,Construction Expeditor,10-12-2023,554,07-11-2023,554,false
555,Salli,861-596-0161,srounsefullfe@miitbeian.gov.cn,Estimator,01-01-2024,555,11-02-2024,555,true
556,Hesther,738-719-3925,hbulfootff@wunderground.com,Electrician,14-08-2024,556,15-03-2024,556,false
557,Hedy,234-740-0566,hnewtonfg@wisc.edu,Project Manager,10-09-2024,557,19-11-2023,557,true
558,Hildagarde,366-478-1431,hstovoldfh@admin.ch,Construction Expeditor,08-11-2023,558,09-12-2023,558,true
559,Hillier,193-177-7823,hwadforthfi@opera.com,Construction Manager,20-09-2023,559,15-06-2024,559,true
560,Amelia,672-178-5549,abenleyfj@surveymonkey.com,Subcontractor,06-11-2023,560,18-06-2024,560,false
561,Luca,432-870-4214,llonginafk@yellowbook.com,Supervisor,22-11-2023,561,10-03-2024,561,false
562,Rutger,507-553-4242,rspaxmanfl@gravatar.com,Estimator,23-01-2024,562,25-03-2024,562,true
563,Lelia,997-904-1946,lcamamilefm@usda.gov,Supervisor,09-05-2024,563,07-11-2023,563,true
564,Thomasa,156-522-0671,ttolandfn@elpais.com,Construction Foreman,27-08-2024,564,08-09-2024,564,false
565,Ruthe,356-285-3209,rmitkovfo@nbcnews.com,Surveyor,26-03-2024,565,19-04-2024,565,false
566,Traci,618-328-5395,tboheyfp@paginegialle.it,Estimator,10-08-2024,566,22-06-2024,566,true
567,Sidnee,546-469-0851,scushfq@opera.com,Subcontractor,15-05-2024,567,26-02-2024,567,true
568,Dacy,643-906-5903,dhaydenfr@domainmarket.com,Subcontractor,11-07-2024,568,16-10-2023,568,true
569,Charlton,783-895-4592,calejofs@ycombinator.com,Construction Worker,05-06-2024,569,02-02-2024,569,true
570,Isiahi,190-836-1833,iknutsenft@hud.gov,Project Manager,06-11-2023,570,15-11-2023,570,true
571,Denyse,853-785-4406,ddennittsfu@nationalgeographic.com,Project Manager,16-04-2024,571,03-09-2024,571,false
572,Xena,767-132-7168,xrobertotfv@paginegialle.it,Architect,04-02-2024,572,19-01-2024,572,true
573,Gamaliel,289-411-6981,gpoznanfw@zimbio.com,Supervisor,23-01-2024,573,15-09-2023,573,false
574,Gigi,947-399-9569,gmcpheatfx@scribd.com,Construction Manager,26-09-2023,574,05-03-2024,574,false
575,Elnar,262-748-8043,eeamfy@hc360.com,Supervisor,14-10-2023,575,28-08-2024,575,true
576,Kameko,933-213-6946,kgurdenfz@about.com,Supervisor,21-01-2024,576,17-05-2024,576,false
577,Kandy,729-578-7677,kboutsg0@mail.ru,Architect,12-09-2023,577,17-08-2024,577,true
578,Natka,402-500-1785,ndunyg1@boston.com,Supervisor,05-09-2024,578,11-02-2024,578,false
579,Ahmed,493-303-2941,astarteng2@springer.com,Estimator,06-04-2024,579,08-07-2024,579,true
580,Emmaline,150-871-2971,ethamesg3@icq.com,Construction Expeditor,25-10-2023,580,12-02-2024,580,true
581,Madalena,868-730-0375,mgammieg4@trellian.com,Architect,31-12-2023,581,15-08-2024,581,true
582,Ekaterina,889-105-4599,epersiang5@github.com,Construction Foreman,08-10-2023,582,23-10-2023,582,false
583,Mike,368-238-7537,mmcsporring6@abc.net.au,Engineer,29-04-2024,583,25-07-2024,583,false
584,Cecilius,781-254-2836,cnannonig7@samsung.com,Construction Manager,01-06-2024,584,01-06-2024,584,false
585,Susie,755-871-0190,sfosdykeg8@unicef.org,Subcontractor,09-04-2024,585,15-03-2024,585,false
586,Adella,256-960-9885,aclanceyg9@skype.com,Engineer,02-09-2024,586,17-04-2024,586,true
587,Leonid,803-400-7579,lbuckthoughtga@nasa.gov,Construction Manager,05-02-2024,587,09-07-2024,587,true
588,Tremaine,473-427-2486,ttarneygb@moonfruit.com,Construction Foreman,25-12-2023,588,19-12-2023,588,true
589,Kassie,981-745-0417,kprigggc@imgur.com,Subcontractor,13-05-2024,589,19-07-2024,589,true
590,Melitta,553-955-9870,mmcmoyergd@xing.com,Construction Foreman,28-06-2024,590,07-04-2024,590,true
591,Padraic,227-668-1190,phouldge@yale.edu,Construction Manager,28-07-2024,591,15-10-2023,591,true
592,Des,747-534-4727,drobensgf@histats.com,Subcontractor,04-02-2024,592,02-11-2023,592,false
593,Tersina,841-848-9201,tgerrengg@eepurl.com,Surveyor,17-01-2024,593,14-12-2023,593,true
594,Reidar,934-959-4599,rblockleygh@imgur.com,Architect,09-06-2024,594,05-10-2023,594,true
595,Janelle,824-787-6929,jmasseygi@hexun.com,Surveyor,28-06-2024,595,01-09-2024,595,true
596,Janet,226-203-6813,jsclandersgj@admin.ch,Construction Expeditor,25-08-2024,596,17-09-2023,596,true
597,Rodrique,163-948-0648,rchalonergk@over-blog.com,Construction Foreman,16-06-2024,597,12-10-2023,597,false
598,Remy,693-780-1392,rburnsgl@si.edu,Engineer,06-09-2024,598,21-04-2024,598,true
599,Cory,703-216-2613,csalzburggm@123-reg.co.uk,Surveyor,26-04-2024,599,28-08-2024,599,true
600,Livvyy,825-450-9530,lnardign@jimdo.com,Subcontractor,10-06-2024,600,15-08-2024,600,true
601,Thekla,509-526-7898,tbluchergo@cbsnews.com,Project Manager,15-07-2024,601,10-04-2024,601,true
602,Rustie,468-291-8512,rguestgp@canalblog.com,Supervisor,10-11-2023,602,12-02-2024,602,true
603,Fannie,438-309-4088,fwoodberrygq@homestead.com,Architect,19-10-2023,603,21-09-2023,603,false
604,Vasilis,506-800-5527,vrablangr@usda.gov,Electrician,01-04-2024,604,17-11-2023,604,false
605,Stephine,166-914-8073,sbryettgs@howstuffworks.com,Construction Expeditor,03-07-2024,605,25-04-2024,605,true
606,Danette,415-100-3000,dgossartgt@java.com,Supervisor,07-06-2024,606,15-07-2024,606,true
607,Darcy,233-795-6695,dturnbullgu@live.com,Architect,19-07-2024,607,06-05-2024,607,false
608,Court,301-132-6141,cbramegv@nasa.gov,Surveyor,05-12-2023,608,01-11-2023,608,false
609,Drusilla,432-480-6296,dclealgw@qq.com,Construction Foreman,27-02-2024,609,13-04-2024,609,true
610,Arlina,878-862-7211,alawlergx@ihg.com,Architect,21-08-2024,610,22-10-2023,610,true
611,Evelyn,693-887-3810,esabatinigy@naver.com,Construction Foreman,11-12-2023,611,17-04-2024,611,true
612,Grantley,396-362-2947,gcominogz@google.it,Supervisor,06-03-2024,612,22-01-2024,612,true
613,Georgi,446-654-2071,gfuzzensh0@typepad.com,Construction Manager,04-11-2023,613,06-01-2024,613,false
614,Alene,833-353-2164,alevaneh1@xrea.com,Project Manager,09-07-2024,614,03-06-2024,614,true
615,Jock,740-665-3160,jcoombsh2@chronoengine.com,Supervisor,17-08-2024,615,17-07-2024,615,false
616,Alastair,938-200-0199,askaifh3@so-net.ne.jp,Supervisor,22-05-2024,616,13-03-2024,616,true
617,Ronna,365-237-4018,rjanouth4@ycombinator.com,Electrician,20-10-2023,617,16-06-2024,617,true
618,Fabe,175-538-3885,fellershawh5@constantcontact.com,Supervisor,26-09-2023,618,18-07-2024,618,true
619,Bibbye,186-679-1360,baugustush6@fastcompany.com,Estimator,22-07-2024,619,27-09-2023,619,true
620,Tybie,397-148-6500,tdrewesh7@ifeng.com,Supervisor,18-11-2023,620,02-07-2024,620,false
621,Alix,563-663-7173,asollash8@wordpress.org,Construction Expeditor,06-12-2023,621,09-03-2024,621,false
622,Mordecai,561-482-9184,mkeenlaysideh9@ed.gov,Construction Manager,23-09-2023,622,19-04-2024,622,true
623,Conant,584-424-5645,csavineha@washingtonpost.com,Architect,09-08-2024,623,23-09-2023,623,false
624,Valentia,500-219-7437,vknealhb@admin.ch,Subcontractor,19-11-2023,624,04-01-2024,624,true
625,Codee,442-832-2489,csebringhc@tmall.com,Engineer,16-05-2024,625,07-02-2024,625,false
626,Kareem,982-691-4281,kduguidhd@dell.com,Construction Worker,22-03-2024,626,21-01-2024,626,false
627,Veradis,579-774-1352,vmartensenhe@google.nl,Engineer,07-03-2024,627,14-07-2024,627,false
628,Shantee,785-947-1367,smccuskerhf@cnbc.com,Construction Expeditor,22-10-2023,628,21-05-2024,628,false
629,Meridel,435-316-3419,mterrishg@istockphoto.com,Construction Expeditor,17-02-2024,629,05-04-2024,629,false
630,Alfie,905-457-2041,abasketfieldhh@webeden.co.uk,Construction Manager,22-03-2024,630,30-12-2023,630,true
631,Karlik,385-893-9901,kdonanhi@etsy.com,Supervisor,13-02-2024,631,24-01-2024,631,false
632,Lenette,881-243-7798,lbainbriggehj@sun.com,Project Manager,18-02-2024,632,11-11-2023,632,false
633,Sisely,936-310-4669,sferrottihk@joomla.org,Construction Foreman,24-03-2024,633,09-03-2024,633,false
634,Andie,554-312-7982,amoiserhl@printfriendly.com,Construction Foreman,27-07-2024,634,15-03-2024,634,true
635,Hatty,561-611-4520,hdesporthm@samsung.com,Construction Expeditor,01-04-2024,635,18-05-2024,635,false
636,Kevin,369-259-9264,klesserhn@washingtonpost.com,Estimator,07-04-2024,636,13-07-2024,636,false
637,Cecil,633-826-9006,cdiggarho@sciencedirect.com,Construction Expeditor,16-06-2024,637,18-01-2024,637,false
638,Doralyn,247-556-4306,dpriddiehp@wordpress.org,Supervisor,05-08-2024,638,31-12-2023,638,true
639,Hobie,511-398-1350,hmcquaidehq@bing.com,Architect,10-01-2024,639,25-12-2023,639,false
640,Selig,699-814-9660,sduferiehr@example.com,Surveyor,18-09-2023,640,18-08-2024,640,false
641,Tommi,753-667-7882,tbaswallhs@desdev.cn,Supervisor,19-01-2024,641,20-11-2023,641,true
642,Barbie,551-644-0976,btashht@e-recht24.de,Subcontractor,30-01-2024,642,03-11-2023,642,false
643,Gabi,504-522-2142,gheardmanhu@globo.com,Construction Expeditor,14-12-2023,643,06-07-2024,643,true
644,Johannah,357-225-0911,jclemptonhv@adobe.com,Construction Foreman,14-06-2024,644,07-07-2024,644,true
645,Jacquie,470-733-0152,jdarvillehw@tmall.com,Construction Manager,18-09-2023,645,06-08-2024,645,true
646,Filmer,322-461-5811,fbarthelmeshx@marriott.com,Subcontractor,13-12-2023,646,12-07-2024,646,false
647,Rodrick,119-546-3980,rbaystonhy@ezinearticles.com,Construction Manager,21-05-2024,647,13-02-2024,647,true
648,Carl,117-188-9074,cardronhz@multiply.com,Subcontractor,25-06-2024,648,09-07-2024,648,false
649,Mata,893-831-2502,mironsidei0@ning.com,Construction Worker,14-01-2024,649,14-04-2024,649,true
650,Ricard,130-496-8466,rbertenshawi1@pcworld.com,Estimator,31-07-2024,650,02-01-2024,650,false
651,Falkner,819-292-2393,fkobschi2@nytimes.com,Supervisor,23-08-2024,651,13-05-2024,651,false
652,Estell,652-410-2473,edomegani3@bandcamp.com,Construction Worker,16-11-2023,652,12-10-2023,652,true
653,Kakalina,496-229-8768,kklimczaki4@dmoz.org,Project Manager,17-01-2024,653,12-02-2024,653,false
654,Wallache,620-343-3800,wjackmani5@home.pl,Electrician,21-08-2024,654,29-12-2023,654,false
655,Scotty,899-400-8434,scoundleyi6@google.ca,Construction Manager,05-02-2024,655,16-03-2024,655,false
656,Arleta,957-567-2472,amacdonelli7@independent.co.uk,Subcontractor,22-04-2024,656,08-07-2024,656,false
657,Tann,936-554-4224,tdalgardnoi8@purevolume.com,Construction Foreman,01-10-2023,657,20-11-2023,657,false
658,Delia,872-301-1298,dbraundsi9@fda.gov,Supervisor,25-11-2023,658,31-08-2024,658,true
659,Kittie,573-348-0297,kmilneria@taobao.com,Engineer,18-10-2023,659,29-01-2024,659,false
660,Pen,679-559-8399,pnobesib@hatena.ne.jp,Architect,08-11-2023,660,27-04-2024,660,false
661,Cale,804-302-1867,ccrowderic@woothemes.com,Supervisor,01-11-2023,661,28-05-2024,661,false
662,Jaquenette,741-781-6762,jjerdonid@oakley.com,Project Manager,03-07-2024,662,30-05-2024,662,true
663,Garry,255-427-7667,glapthorneie@sfgate.com,Construction Worker,29-04-2024,663,11-11-2023,663,true
664,Boote,243-654-7827,beldenif@mashable.com,Construction Manager,01-04-2024,664,09-05-2024,664,true
665,Lori,856-197-2586,lroussellig@domainmarket.com,Construction Expeditor,26-08-2024,665,09-09-2024,665,false
666,Cassi,238-822-2464,cdansonih@amazon.co.uk,Surveyor,24-08-2024,666,16-10-2023,666,false
667,Beaufort,468-441-0869,bfinnimoreii@usda.gov,Construction Worker,23-12-2023,667,28-07-2024,667,false
668,Brit,429-544-1951,brotterij@exblog.jp,Architect,29-04-2024,668,14-12-2023,668,false
669,Glori,149-964-7832,gglaviasik@stanford.edu,Project Manager,21-11-2023,669,29-12-2023,669,true
670,Deva,702-647-2789,dedgeworthil@booking.com,Project Manager,04-03-2024,670,29-10-2023,670,false
671,Janella,323-470-5264,jcrosselandim@reverbnation.com,Project Manager,27-12-2023,671,11-12-2023,671,false
672,Gwendolen,758-573-0363,gfiveyin@census.gov,Engineer,07-10-2023,672,26-04-2024,672,true
673,Garvy,739-352-1000,gwinhamio@indiatimes.com,Engineer,29-01-2024,673,07-03-2024,673,false
674,Malinde,384-879-7525,mnewcomeip@cafepress.com,Engineer,07-06-2024,674,24-10-2023,674,true
675,Gayel,301-210-9435,ginchboardiq@xing.com,Construction Expeditor,22-12-2023,675,21-08-2024,675,true
676,Benedict,600-533-2002,bwhitlockir@uiuc.edu,Construction Manager,01-11-2023,676,21-02-2024,676,true
677,Warden,886-663-3742,wchestnuttis@slideshare.net,Engineer,01-04-2024,677,13-02-2024,677,true
678,Quent,171-903-6188,qhusthwaiteit@yelp.com,Construction Expeditor,28-02-2024,678,11-12-2023,678,false
679,Giana,393-689-9356,gpratoriu@guardian.co.uk,Supervisor,26-09-2023,679,13-09-2023,679,false
680,Vidovik,411-357-0937,vwhittekiv@addthis.com,Project Manager,24-03-2024,680,10-07-2024,680,true
681,Illa,623-535-9442,iarundeliw@abc.net.au,Supervisor,03-02-2024,681,29-04-2024,681,true
682,Lenci,222-442-1443,ljacobovitchix@wunderground.com,Surveyor,23-09-2023,682,14-11-2023,682,false
683,Vince,217-188-2674,vlucchiiy@theguardian.com,Subcontractor,03-01-2024,683,02-03-2024,683,false
684,Lizzie,795-448-1119,larmitageiz@123-reg.co.uk,Engineer,01-03-2024,684,18-11-2023,684,true
685,Carena,248-380-3191,calbertij0@cloudflare.com,Construction Worker,01-11-2023,685,10-03-2024,685,false
686,Brendon,982-946-8777,bspellerj1@cargocollective.com,Construction Worker,27-01-2024,686,22-05-2024,686,false
687,Faina,794-750-7414,framalhetej2@howstuffworks.com,Surveyor,28-06-2024,687,11-06-2024,687,true
688,Bryanty,338-615-5818,bsodeauj3@zimbio.com,Subcontractor,11-08-2024,688,29-02-2024,688,true
689,Dolf,521-608-2608,debbingj4@goo.gl,Construction Foreman,20-10-2023,689,28-11-2023,689,false
690,Parnell,482-483-6467,pfieldgatej5@narod.ru,Supervisor,12-05-2024,690,01-12-2023,690,true
691,Stewart,384-674-3856,sodowgainej6@hugedomains.com,Construction Manager,15-11-2023,691,10-02-2024,691,false
692,Frieda,860-117-4980,fdevaarj7@wiley.com,Architect,19-01-2024,692,17-02-2024,692,true
693,Moina,422-780-4205,mgiacomassoj8@diigo.com,Electrician,04-08-2024,693,06-11-2023,693,false
694,Ludovico,728-343-7125,lreynoldj9@biglobe.ne.jp,Construction Manager,31-05-2024,694,10-01-2024,694,false
695,Lion,133-183-2817,lclaussonja@hc360.com,Construction Worker,06-08-2024,695,13-01-2024,695,false
696,Kelley,465-826-9664,kocurranjb@netlog.com,Estimator,04-01-2024,696,26-01-2024,696,true
697,Clayson,212-985-3496,curwinjc@typepad.com,Estimator,15-11-2023,697,15-05-2024,697,true
698,Ryun,654-868-9183,rricheljd@boston.com,Electrician,14-11-2023,698,08-07-2024,698,false
699,Evangelina,814-980-6169,emeridaje@dagondesign.com,Surveyor,10-07-2024,699,26-07-2024,699,false
700,Evin,733-474-3993,ecrumlyjf@craigslist.org,Project Manager,25-07-2024,700,26-07-2024,700,false
701,Jan,762-426-0220,jdackejg@npr.org,Subcontractor,29-09-2023,701,13-06-2024,701,true
702,Goldie,751-190-5751,gmckyrrellyjh@squarespace.com,Engineer,30-12-2023,702,22-07-2024,702,false
703,Cathlene,886-856-9673,cmccarlyji@whitehouse.gov,Project Manager,23-01-2024,703,18-05-2024,703,true
704,Reamonn,780-666-0843,rrainbowjj@reverbnation.com,Estimator,19-02-2024,704,23-11-2023,704,true
705,Jehanna,493-405-4699,jtorbetjk@csmonitor.com,Supervisor,19-04-2024,705,04-06-2024,705,true
706,Dyna,786-382-3575,dlampreyjl@marketwatch.com,Supervisor,28-10-2023,706,17-06-2024,706,false
707,Delinda,280-157-4429,dblackmanjm@wired.com,Construction Worker,19-11-2023,707,25-06-2024,707,false
708,Ilene,675-120-2794,ieriejn@eventbrite.com,Construction Foreman,01-02-2024,708,25-10-2023,708,false
709,Laurel,626-590-2220,lbaltzarjo@tamu.edu,Subcontractor,16-05-2024,709,10-01-2024,709,false
710,Marmaduke,998-617-2246,mmulrenanjp@dedecms.com,Architect,06-07-2024,710,10-07-2024,710,true
711,Ardith,807-752-6672,ajirakjq@uiuc.edu,Surveyor,28-08-2024,711,07-07-2024,711,true
712,Sabine,463-269-9800,sgoverjr@prweb.com,Supervisor,30-01-2024,712,09-02-2024,712,false
713,Ethyl,950-332-4476,eniesegenjs@topsy.com,Construction Manager,04-02-2024,713,06-10-2023,713,false
714,Dominica,200-967-5735,duphilljt@last.fm,Construction Foreman,11-07-2024,714,16-08-2024,714,true
715,Marquita,162-343-9148,mgameju@marriott.com,Estimator,13-12-2023,715,12-12-2023,715,true
716,Hetti,949-383-7775,handriveauxjv@theguardian.com,Surveyor,02-02-2024,716,03-11-2023,716,true
717,Kendrick,842-665-3898,kredmondjw@huffingtonpost.com,Construction Expeditor,01-03-2024,717,20-04-2024,717,true
718,Megan,868-186-7529,mlabrowjx@jalbum.net,Architect,13-08-2024,718,28-01-2024,718,true
719,Pavlov,750-577-6072,pkolakjy@elegantthemes.com,Construction Worker,02-09-2024,719,02-11-2023,719,false
720,Jourdan,419-165-7680,jmartlandjz@godaddy.com,Construction Worker,14-06-2024,720,25-06-2024,720,false
721,Moises,871-234-6454,mmedwellk0@mozilla.org,Subcontractor,19-05-2024,721,30-11-2023,721,false
722,Lavina,985-180-3409,lchoulertonk1@bbb.org,Supervisor,06-07-2024,722,29-07-2024,722,false
723,Analise,974-947-1626,adaguannok2@bloomberg.com,Construction Foreman,17-04-2024,723,19-04-2024,723,true
724,Harriet,554-732-7897,hsuffieldk3@google.it,Construction Expeditor,04-03-2024,724,19-01-2024,724,false
725,Randolph,133-178-9031,rjaysk4@squarespace.com,Surveyor,01-09-2024,725,22-12-2023,725,true
726,Elysia,237-970-9204,ereank5@desdev.cn,Construction Worker,04-10-2023,726,16-11-2023,726,false
727,Alix,167-818-2557,amarzellik6@acquirethisname.com,Construction Foreman,16-05-2024,727,04-11-2023,727,true
728,Horatia,785-520-2843,hocooneyk7@biglobe.ne.jp,Construction Foreman,28-09-2023,728,22-12-2023,728,true
729,Caron,173-284-1992,chonigk8@ucsd.edu,Construction Manager,04-10-2023,729,31-08-2024,729,false
730,Kimberlee,182-750-3786,ksycamorek9@intel.com,Construction Worker,15-12-2023,730,04-07-2024,730,false
731,Skell,693-778-2971,swickendonka@bing.com,Subcontractor,24-12-2023,731,26-12-2023,731,true
732,Barnett,706-522-9309,braweskb@aol.com,Surveyor,03-09-2024,732,18-05-2024,732,true
733,Shalna,657-663-1191,ssnaddinkc@topsy.com,Subcontractor,04-12-2023,733,25-04-2024,733,true
734,Sylvester,910-517-0105,sgrisskd@biblegateway.com,Project Manager,29-05-2024,734,13-08-2024,734,true
735,Russell,116-242-8644,rbutke@wisc.edu,Construction Expeditor,31-05-2024,735,03-01-2024,735,false
736,Margarette,570-370-9940,mheadskf@webmd.com,Construction Expeditor,27-09-2023,736,05-01-2024,736,true
737,Carolyn,897-246-0515,cstallebrasskg@sun.com,Estimator,08-01-2024,737,19-04-2024,737,true
738,Gayler,277-804-8686,gellertonkh@wikipedia.org,Subcontractor,19-12-2023,738,10-05-2024,738,false
739,Bellina,464-978-9600,bborleyki@list-manage.com,Subcontractor,15-02-2024,739,12-10-2023,739,true
740,Bev,727-544-7363,bcraciekj@va.gov,Engineer,06-01-2024,740,26-10-2023,740,true
741,Bryn,191-187-7337,bvinaukk@hostgator.com,Construction Manager,22-12-2023,741,24-03-2024,741,true
742,Pierson,918-617-9341,pibbetsonkl@yahoo.co.jp,Engineer,04-03-2024,742,30-03-2024,742,false
743,Bar,585-675-8779,bdufourekm@bravesites.com,Supervisor,04-10-2023,743,14-03-2024,743,true
744,Cathi,175-176-9455,cseabrookkn@salon.com,Engineer,07-06-2024,744,14-12-2023,744,true
745,Kattie,661-833-8526,kmurcuttko@cornell.edu,Supervisor,23-01-2024,745,30-08-2024,745,true
746,Sylvan,595-558-2465,ssoutarkp@clickbank.net,Subcontractor,26-11-2023,746,02-06-2024,746,false
747,Laurena,919-620-3168,llumsdainekq@github.io,Estimator,21-03-2024,747,28-06-2024,747,true
748,Xavier,183-416-6651,xstirgesskr@gizmodo.com,Surveyor,08-10-2023,748,16-01-2024,748,false
749,Correy,793-422-3805,cshambrokeks@edublogs.org,Electrician,23-11-2023,749,10-11-2023,749,false
750,Cherilyn,709-124-3190,ckoppkt@discovery.com,Construction Manager,03-12-2023,750,28-06-2024,750,false
751,Evelyn,839-172-9686,ejosilevichku@sciencedaily.com,Construction Expeditor,25-06-2024,751,25-05-2024,751,false
752,Avivah,603-864-3294,avaninikv@ask.com,Surveyor,27-05-2024,752,20-01-2024,752,true
753,Fidelio,565-835-6543,ffleurykw@si.edu,Subcontractor,06-03-2024,753,25-10-2023,753,false
754,Kaela,779-991-2907,kslynekx@java.com,Construction Foreman,25-12-2023,754,21-06-2024,754,false
755,Annadiana,545-371-2330,alachezeky@odnoklassniki.ru,Architect,07-05-2024,755,06-03-2024,755,false
756,Patrice,988-862-1298,psellerskz@army.mil,Project Manager,17-10-2023,756,15-01-2024,756,true
757,Candide,600-206-4181,cnorthleighl0@xinhuanet.com,Construction Worker,04-07-2024,757,17-12-2023,757,false
758,Betti,368-494-4417,bmortelll1@vinaora.com,Construction Expeditor,19-07-2024,758,10-09-2024,758,false
759,Booth,670-833-2238,bechalierl2@studiopress.com,Engineer,03-06-2024,759,16-04-2024,759,false
760,Zoe,159-139-7584,zangierl3@icio.us,Estimator,12-04-2024,760,24-10-2023,760,true
761,Hobart,471-746-1744,hdreweryl4@sciencedaily.com,Surveyor,26-12-2023,761,22-06-2024,761,true
762,Wally,124-920-5517,whollindalel5@vimeo.com,Estimator,21-04-2024,762,10-01-2024,762,true
763,Tedman,892-318-3519,tscarbarrowl6@seattletimes.com,Surveyor,19-06-2024,763,08-04-2024,763,false
764,Cyndi,391-197-4421,crispenl7@msn.com,Architect,07-06-2024,764,12-03-2024,764,false
765,Lusa,998-636-7198,lknowlerl8@mayoclinic.com,Construction Foreman,19-11-2023,765,20-04-2024,765,false
766,Norby,295-818-2663,ngibbsl9@infoseek.co.jp,Project Manager,18-06-2024,766,03-06-2024,766,false
767,Aarika,521-128-3126,aportalla@e-recht24.de,Subcontractor,03-11-2023,767,22-07-2024,767,false
768,Tymothy,825-961-7136,tdurylb@yahoo.co.jp,Architect,25-02-2024,768,04-11-2023,768,false
769,Romain,568-239-1108,rdeethlc@webs.com,Surveyor,18-01-2024,769,27-05-2024,769,false
770,Glory,493-917-2297,gweepersld@flickr.com,Construction Worker,05-09-2024,770,17-02-2024,770,false
771,Clemente,787-930-0646,cshiptonle@si.edu,Electrician,09-06-2024,771,24-01-2024,771,true
772,Marrissa,418-115-0864,mguyelf@4shared.com,Estimator,06-06-2024,772,22-10-2023,772,false
773,Vin,859-879-6084,vanselllg@hibu.com,Construction Expeditor,30-12-2023,773,19-11-2023,773,false
774,Scotty,163-912-8007,smuffordlh@ox.ac.uk,Construction Manager,29-09-2023,774,03-03-2024,774,false
775,Spencer,755-196-1331,swardingleyli@fastcompany.com,Construction Worker,28-04-2024,775,08-11-2023,775,false
776,Marlin,413-228-9025,mcovetlj@mediafire.com,Construction Foreman,10-08-2024,776,06-03-2024,776,true
777,Corabel,430-723-3249,clantaphlk@soundcloud.com,Engineer,22-07-2024,777,27-08-2024,777,false
778,Grata,724-913-5455,gchartmanll@de.vu,Construction Manager,06-08-2024,778,08-05-2024,778,true
779,Michael,907-979-8430,mtrembeylm@phoca.cz,Subcontractor,29-01-2024,779,25-05-2024,779,true
780,Casey,573-340-9837,cdanseyln@craigslist.org,Construction Expeditor,19-01-2024,780,21-07-2024,780,false
781,Wally,553-185-2919,wgrishaevlo@twitpic.com,Estimator,14-06-2024,781,31-10-2023,781,true
782,Tybalt,150-150-5516,tkemmetlp@wufoo.com,Construction Foreman,07-10-2023,782,11-10-2023,782,true
783,Bobbye,203-928-8682,bheightlq@google.de,Architect,28-12-2023,783,10-05-2024,783,true
784,Megen,921-536-0711,mtristramlr@squarespace.com,Architect,16-07-2024,784,23-02-2024,784,true
785,Phyllida,817-152-8992,pwithefordls@bluehost.com,Project Manager,19-06-2024,785,06-02-2024,785,false
786,Falkner,883-193-3255,freuvenlt@dagondesign.com,Construction Manager,16-07-2024,786,29-09-2023,786,false
787,Loella,829-594-5862,llibbelu@cam.ac.uk,Construction Manager,07-10-2023,787,10-10-2023,787,true
788,Heall,204-157-0581,hlippiellolv@prweb.com,Supervisor,11-10-2023,788,11-05-2024,788,true
789,Cyrill,298-278-1621,cridewoodlw@twitter.com,Subcontractor,04-01-2024,789,31-12-2023,789,true
790,Krista,306-749-8326,kpemberylx@lulu.com,Construction Expeditor,07-01-2024,790,22-08-2024,790,false
791,Alasdair,355-588-1282,astclairly@irs.gov,Construction Manager,24-09-2023,791,02-09-2024,791,false
792,Elinore,682-814-8547,eburgisilz@google.co.jp,Architect,09-02-2024,792,17-04-2024,792,true
793,Frans,509-188-4962,fsherrardm0@latimes.com,Architect,23-05-2024,793,10-08-2024,793,false
794,Ophelia,958-930-9757,osticklerm1@google.pl,Supervisor,27-05-2024,794,14-08-2024,794,true
795,Mart,872-795-9265,mglaviasm2@mayoclinic.com,Architect,14-12-2023,795,14-11-2023,795,true
796,Wait,923-226-2735,wdelcastelm3@macromedia.com,Supervisor,05-03-2024,796,27-06-2024,796,true
797,Sherie,173-895-2369,sgrimsterm4@soup.io,Construction Manager,07-03-2024,797,10-11-2023,797,true
798,Norrie,526-147-8373,nnisuism5@elegantthemes.com,Electrician,10-02-2024,798,27-11-2023,798,false
799,Isadora,745-380-7608,ilyndm6@studiopress.com,Construction Expeditor,01-09-2024,799,19-03-2024,799,true
800,Melodee,313-276-2289,mhachettem7@wikispaces.com,Subcontractor,18-06-2024,800,20-11-2023,800,false
801,Britney,725-644-0016,bpyerm8@europa.eu,Supervisor,23-05-2024,801,08-02-2024,801,false
802,Madelaine,300-836-0468,mfransesm9@ehow.com,Estimator,04-11-2023,802,13-12-2023,802,true
803,Loutitia,976-566-9694,laccumma@columbia.edu,Construction Worker,27-05-2024,803,03-09-2024,803,true
804,Kitti,628-376-3735,kmabbittmb@biglobe.ne.jp,Construction Worker,07-02-2024,804,01-06-2024,804,true
805,Cher,124-366-6833,cbaigriemc@angelfire.com,Construction Foreman,21-05-2024,805,26-12-2023,805,true
806,Mathias,354-161-6221,mharkesmd@cisco.com,Engineer,10-09-2024,806,08-11-2023,806,false
807,Kirbee,958-817-7140,khuttonme@free.fr,Construction Worker,07-04-2024,807,04-09-2024,807,false
808,Jennine,827-730-9288,jsegrottmf@utexas.edu,Project Manager,16-03-2024,808,09-09-2024,808,true
809,Weber,621-900-3223,wchaundymg@ed.gov,Construction Worker,01-01-2024,809,08-09-2024,809,false
810,Madeleine,403-957-7539,mdugganmh@hatena.ne.jp,Construction Worker,25-07-2024,810,12-08-2024,810,false
811,Reeba,682-976-9470,rwycliffemi@google.com.hk,Subcontractor,16-02-2024,811,11-05-2024,811,true
812,Hurlee,416-848-9827,hgerrillmj@toplist.cz,Engineer,11-02-2024,812,12-05-2024,812,true
813,Mill,782-293-1522,mpurlemk@dedecms.com,Engineer,21-12-2023,813,19-02-2024,813,true
814,Alfy,539-873-3132,acostiganml@livejournal.com,Subcontractor,06-11-2023,814,20-05-2024,814,true
815,Giusto,735-936-6304,gbandeymm@example.com,Construction Worker,10-10-2023,815,07-04-2024,815,true
816,Marje,273-454-7909,mcogarmn@seesaa.net,Construction Expeditor,06-05-2024,816,12-04-2024,816,true
817,Virgilio,544-791-9690,vcrightonmo@rambler.ru,Estimator,31-08-2024,817,17-08-2024,817,true
818,Lorrayne,142-495-3189,lsleanymp@technorati.com,Estimator,28-01-2024,818,18-06-2024,818,true
819,Venita,393-134-2911,vbartholinmq@quantcast.com,Architect,22-07-2024,819,08-12-2023,819,false
820,Antonius,522-895-8438,aklussmr@comcast.net,Estimator,15-01-2024,820,30-09-2023,820,false
821,Pet,754-594-1660,pcroshawms@rediff.com,Estimator,08-01-2024,821,03-10-2023,821,true
822,Terese,495-748-1803,tchaldermt@creativecommons.org,Surveyor,07-03-2024,822,24-01-2024,822,true
823,Feodor,206-797-9413,fhatherallmu@dot.gov,Construction Manager,06-04-2024,823,16-01-2024,823,true
824,Courtnay,539-220-6933,cjankovskymv@squarespace.com,Construction Manager,16-03-2024,824,10-03-2024,824,true
825,Teodor,433-704-9412,triccimw@ustream.tv,Estimator,24-11-2023,825,11-02-2024,825,true
826,Marcelle,216-311-9216,maldrittmx@soundcloud.com,Engineer,07-03-2024,826,10-06-2024,826,true
827,William,742-476-4163,wmaughanmy@ifeng.com,Engineer,25-04-2024,827,29-11-2023,827,true
828,Henka,155-498-9245,hrubinivitzmz@desdev.cn,Surveyor,01-05-2024,828,30-07-2024,828,true
829,Hatty,760-532-9236,heymorn0@reference.com,Surveyor,12-05-2024,829,29-03-2024,829,false
830,Desmond,601-538-0038,dmaybeyn1@smugmug.com,Electrician,18-07-2024,830,09-07-2024,830,true
831,Jarrod,334-326-3716,jbrogiottin2@mail.ru,Architect,10-02-2024,831,06-11-2023,831,false
832,Vittoria,611-935-0443,vespinayn3@wikimedia.org,Electrician,16-04-2024,832,22-04-2024,832,true
833,Salem,356-196-5723,smcrorien4@theatlantic.com,Construction Worker,06-03-2024,833,10-02-2024,833,true
834,Abey,166-261-9658,ashowaltern5@spiegel.de,Supervisor,24-08-2024,834,21-09-2023,834,true
835,Rafaelita,665-837-8602,rbenzan6@hhs.gov,Construction Expeditor,05-03-2024,835,20-06-2024,835,false
836,Aleece,673-759-6985,agiorgiellin7@sfgate.com,Construction Expeditor,19-09-2023,836,22-08-2024,836,false
837,Kerianne,521-719-5044,kstockwelln8@friendfeed.com,Supervisor,13-07-2024,837,12-07-2024,837,false
838,Shannah,746-231-2065,slesauniern9@biblegateway.com,Subcontractor,24-05-2024,838,06-05-2024,838,true
839,Nonah,920-780-1588,nwalterna@deliciousdays.com,Surveyor,01-09-2024,839,07-09-2024,839,false
840,Abby,576-724-6725,amorrelnb@etsy.com,Architect,05-04-2024,840,09-04-2024,840,false
841,Nina,431-626-5341,nhaseldinenc@home.pl,Construction Manager,13-07-2024,841,23-02-2024,841,false
842,Thebault,529-213-0803,tiacovaccind@msn.com,Project Manager,25-03-2024,842,12-12-2023,842,true
843,Abey,640-422-1719,agiraudeaune@reference.com,Surveyor,23-11-2023,843,26-12-2023,843,true
844,Renado,172-228-7575,rniblonf@independent.co.uk,Subcontractor,26-12-2023,844,13-12-2023,844,false
845,Gayelord,322-386-0441,gjovicng@51.la,Construction Expeditor,01-05-2024,845,16-01-2024,845,false
846,Barri,690-569-5503,bwhitelawnh@qq.com,Estimator,06-06-2024,846,02-07-2024,846,true
847,Caresse,132-339-2150,cbrockettni@e-recht24.de,Estimator,26-11-2023,847,29-05-2024,847,false
848,Natalie,820-452-0855,njeffesnj@tamu.edu,Engineer,05-12-2023,848,21-05-2024,848,false
849,Edgard,915-910-5233,eilottnk@gravatar.com,Estimator,02-09-2024,849,29-01-2024,849,false
850,Daniella,186-478-8125,dwestneynl@nytimes.com,Surveyor,05-01-2024,850,26-10-2023,850,true
851,Randene,752-578-4364,rclamptonnm@msn.com,Construction Foreman,27-09-2023,851,31-12-2023,851,false
852,Tull,408-785-7892,twykeynn@accuweather.com,Architect,29-01-2024,852,22-03-2024,852,false
853,Ferguson,745-754-1709,fscraftonno@g.co,Construction Foreman,05-11-2023,853,27-09-2023,853,true
854,Pia,930-355-3784,pshannonnp@stumbleupon.com,Construction Expeditor,28-05-2024,854,19-11-2023,854,true
855,Laetitia,285-657-5099,ltinemannq@patch.com,Construction Foreman,07-08-2024,855,13-01-2024,855,true
856,Timothee,321-426-4582,tmarcinkusnr@globo.com,Construction Foreman,19-09-2023,856,10-06-2024,856,true
857,Amelita,909-720-7418,apennellns@edublogs.org,Estimator,26-03-2024,857,03-09-2024,857,false
858,Nikki,497-128-4660,ndiruggieront@phpbb.com,Architect,17-10-2023,858,11-07-2024,858,false
859,Fancie,401-766-2431,falejonu@people.com.cn,Construction Expeditor,05-07-2024,859,06-10-2023,859,true
860,Hodge,141-694-2110,hmcelorynv@alibaba.com,Subcontractor,17-05-2024,860,21-12-2023,860,false
861,Darlleen,927-707-5782,dstowersnw@who.int,Electrician,27-10-2023,861,12-05-2024,861,false
862,Timothee,453-879-3647,tmaciunasnx@technorati.com,Construction Manager,22-02-2024,862,07-06-2024,862,true
863,Barret,139-835-3055,bbettenayny@spiegel.de,Architect,14-04-2024,863,10-04-2024,863,true
864,Isidoro,675-783-6092,ikynseynz@omniture.com,Supervisor,12-07-2024,864,22-08-2024,864,true
865,Denys,991-263-5605,dthwaiteso0@usa.gov,Project Manager,29-01-2024,865,28-04-2024,865,true
866,Broderic,164-749-5067,bmonketono1@senate.gov,Engineer,12-11-2023,866,14-04-2024,866,false
867,Catrina,575-397-7685,cpontino2@istockphoto.com,Construction Worker,14-03-2024,867,06-05-2024,867,false
868,Barri,699-689-5803,bpurdono3@cafepress.com,Construction Expeditor,02-01-2024,868,23-08-2024,868,false
869,Beaufort,572-897-4565,bkenealyo4@nymag.com,Supervisor,22-07-2024,869,02-09-2024,869,true
870,Rennie,778-723-9045,rwanleyo5@geocities.jp,Supervisor,09-11-2023,870,24-12-2023,870,true
871,Archy,353-899-6055,agaveyo6@baidu.com,Construction Expeditor,23-08-2024,871,02-02-2024,871,false
872,Florance,373-184-8974,fmossdaleo7@bandcamp.com,Surveyor,21-02-2024,872,01-10-2023,872,false
873,Hayyim,879-588-1095,hscougho8@friendfeed.com,Estimator,24-08-2024,873,06-08-2024,873,true
874,Mala,693-635-6043,mdwaneo9@list-manage.com,Construction Expeditor,30-04-2024,874,19-07-2024,874,false
875,Jacinthe,159-191-5746,jbradneckoa@comsenz.com,Construction Expeditor,26-04-2024,875,07-12-2023,875,false
876,Fredi,288-218-6990,ftondeurob@wufoo.com,Electrician,24-02-2024,876,29-06-2024,876,true
877,Trace,772-595-1550,tplemingoc@godaddy.com,Engineer,23-07-2024,877,07-12-2023,877,true
878,Tadio,244-128-4720,tsimcockod@drupal.org,Construction Expeditor,08-07-2024,878,25-01-2024,878,true
879,Alvina,303-594-8899,astrelitzeroe@economist.com,Construction Manager,27-11-2023,879,01-12-2023,879,false
880,Lotte,218-744-3244,lrozzellof@yelp.com,Electrician,01-03-2024,880,15-01-2024,880,true
881,Shir,972-344-8743,scashmanog@hibu.com,Subcontractor,06-06-2024,881,15-07-2024,881,true
882,Giuditta,165-325-7752,gsymingtonoh@discovery.com,Project Manager,28-10-2023,882,29-02-2024,882,true
883,Jocelyn,571-848-5237,jvlachoi@jiathis.com,Surveyor,24-07-2024,883,08-04-2024,883,true
884,Mirelle,383-718-3133,mtheobaldoj@163.com,Architect,28-11-2023,884,31-10-2023,884,false
885,Perla,787-474-6435,psellekok@ted.com,Construction Foreman,25-01-2024,885,23-03-2024,885,true
886,Carolyn,197-378-5970,cwetherickol@netscape.com,Construction Worker,29-09-2023,886,20-02-2024,886,false
887,Jackson,756-423-4230,jkirlinom@fastcompany.com,Subcontractor,01-12-2023,887,19-03-2024,887,true
888,Carmencita,208-652-9164,cpirnieon@nydailynews.com,Project Manager,30-07-2024,888,10-07-2024,888,false
889,Dusty,939-110-0999,dshadfourthoo@mediafire.com,Construction Manager,13-04-2024,889,29-01-2024,889,true
890,Laverne,536-504-4006,lworcesterop@upenn.edu,Engineer,02-06-2024,890,06-02-2024,890,false
891,Fraser,571-242-7782,fkeyzoroq@smugmug.com,Construction Expeditor,26-04-2024,891,02-12-2023,891,true
892,Sindee,608-156-0708,sminghellaor@domainmarket.com,Project Manager,03-12-2023,892,07-09-2024,892,false
893,Madalena,542-492-4168,mgrendonos@ucoz.ru,Estimator,17-01-2024,893,13-09-2023,893,false
894,Kamila,356-905-0217,kwhelanot@friendfeed.com,Estimator,03-08-2024,894,03-02-2024,894,true
895,Hillier,981-699-2722,htareeou@amazon.co.uk,Construction Foreman,20-10-2023,895,23-04-2024,895,true
896,Kora,183-752-6329,keyersov@hugedomains.com,Subcontractor,20-11-2023,896,08-02-2024,896,true
897,Mel,936-268-7211,mwarnow@goodreads.com,Estimator,09-08-2024,897,12-07-2024,897,false
898,Perren,475-959-7514,pcrameox@intel.com,Supervisor,25-02-2024,898,08-07-2024,898,false
899,Ware,240-683-8520,wrodgeoy@soundcloud.com,Construction Worker,07-08-2024,899,02-08-2024,899,false
900,Chrotoem,375-248-8236,ctoffolooz@webeden.co.uk,Construction Worker,07-02-2024,900,23-10-2023,900,true
901,Robinette,919-303-2579,rdigbyp0@studiopress.com,Electrician,21-09-2023,901,13-12-2023,901,true
902,Carlota,542-658-8328,cenderwickp1@army.mil,Electrician,07-11-2023,902,29-12-2023,902,false
903,Sean,839-806-0624,scuttlerp2@forbes.com,Subcontractor,15-04-2024,903,18-10-2023,903,true
904,Rosella,529-700-9483,rblossp3@jigsy.com,Electrician,13-06-2024,904,11-05-2024,904,false
905,Daile,354-416-5939,ddunphyp4@xing.com,Construction Worker,23-02-2024,905,28-05-2024,905,false
906,Brand,854-807-5334,bwortmanp5@hatena.ne.jp,Construction Worker,27-05-2024,906,07-09-2024,906,false
907,Stephannie,499-850-2984,sbillep6@vinaora.com,Architect,02-11-2023,907,28-07-2024,907,false
908,Chick,502-832-5437,czanetellop7@chronoengine.com,Construction Worker,28-02-2024,908,03-10-2023,908,true
909,Eadmund,384-907-4720,ematschkep8@thetimes.co.uk,Project Manager,11-04-2024,909,08-10-2023,909,true
910,Karol,686-561-5622,kcatchpolep9@vkontakte.ru,Supervisor,10-01-2024,910,26-10-2023,910,false
911,Nellie,875-430-1216,nhalmpa@blinklist.com,Supervisor,10-12-2023,911,14-05-2024,911,false
912,Beverlee,766-821-4795,bbaptistepb@dot.gov,Project Manager,30-10-2023,912,06-10-2023,912,true
913,Peyter,356-285-0610,ppingpc@vinaora.com,Supervisor,16-07-2024,913,14-08-2024,913,true
914,Hatty,888-864-2969,hvegaspd@nymag.com,Surveyor,01-12-2023,914,13-05-2024,914,false
915,Geno,152-475-6583,gsolepe@storify.com,Construction Manager,08-03-2024,915,20-11-2023,915,false
916,Malanie,820-798-9703,minnspf@spiegel.de,Construction Expeditor,22-06-2024,916,10-01-2024,916,true
917,Shirlee,514-119-3559,sdulwitchpg@nasa.gov,Electrician,03-06-2024,917,18-05-2024,917,false
918,Selie,453-758-4701,sdjurisicph@yale.edu,Architect,28-06-2024,918,13-06-2024,918,true
919,Cornela,853-610-9626,cmacgilmartinpi@unc.edu,Construction Manager,16-01-2024,919,17-07-2024,919,false
920,Evy,556-874-8962,erotterpj@home.pl,Architect,21-03-2024,920,05-10-2023,920,false
921,Donielle,942-726-8776,dcearleypk@free.fr,Electrician,17-03-2024,921,16-09-2023,921,false
922,Eugenio,485-326-6245,egounelpl@huffingtonpost.com,Project Manager,21-06-2024,922,15-09-2023,922,false
923,Boony,631-122-9666,blantpm@forbes.com,Subcontractor,15-04-2024,923,06-12-2023,923,false
924,Kirsti,195-543-0891,kcollarpn@woothemes.com,Estimator,05-10-2023,924,20-02-2024,924,true
925,Dewitt,371-550-6437,dbreachepo@vimeo.com,Construction Expeditor,06-05-2024,925,06-06-2024,925,false
926,Demeter,548-261-7032,dpalfreemanpp@statcounter.com,Construction Worker,29-08-2024,926,04-11-2023,926,true
927,Kleon,465-859-4631,kvanderhoevenpq@youku.com,Electrician,29-12-2023,927,18-01-2024,927,false
928,Garnette,941-751-1849,gdrummondpr@un.org,Supervisor,23-03-2024,928,19-11-2023,928,true
929,Karola,156-208-0649,klyeps@zimbio.com,Engineer,17-11-2023,929,29-05-2024,929,true
930,Niko,454-280-8025,nduplockpt@slideshare.net,Supervisor,17-10-2023,930,29-03-2024,930,false
931,Leticia,464-300-2002,lrourkepu@amazon.co.uk,Estimator,24-06-2024,931,15-01-2024,931,false
932,Gipsy,288-317-3314,gwedlockpv@nba.com,Engineer,22-08-2024,932,06-01-2024,932,true
933,Tracie,201-793-5273,tmatthessenpw@gov.uk,Surveyor,18-04-2024,933,20-08-2024,933,true
934,Gipsy,895-862-2730,gpallispx@google.co.jp,Project Manager,30-11-2023,934,25-06-2024,934,false
935,Saunder,704-726-0670,sobraypy@scribd.com,Supervisor,13-02-2024,935,18-11-2023,935,true
936,Chaddie,394-384-7208,cblownpz@shareasale.com,Architect,05-02-2024,936,20-07-2024,936,true
937,Ruthie,977-426-3827,rwasielewiczq0@hc360.com,Architect,12-03-2024,937,15-01-2024,937,true
938,Pascale,286-589-3389,phickenq1@furl.net,Electrician,04-09-2024,938,02-03-2024,938,true
939,Hestia,981-222-7489,hburfordq2@hibu.com,Construction Manager,24-03-2024,939,01-01-2024,939,true
940,Benton,220-967-1253,btroubridgeq3@foxnews.com,Subcontractor,04-10-2023,940,09-12-2023,940,true
941,Violetta,455-758-1798,vgoodbarq4@nationalgeographic.com,Construction Manager,28-12-2023,941,30-01-2024,941,false
942,Kerby,574-439-9252,kzorroq5@si.edu,Supervisor,05-01-2024,942,03-07-2024,942,false
943,Sumner,178-627-8995,sbernardinoq6@networksolutions.com,Surveyor,02-12-2023,943,14-07-2024,943,true
944,Brandon,727-742-0204,bkohringq7@istockphoto.com,Construction Foreman,14-04-2024,944,16-05-2024,944,false
945,Dela,791-294-2149,dbouzekq8@vistaprint.com,Estimator,01-01-2024,945,19-06-2024,945,false
946,Benedikt,149-487-6782,bpickettq9@blogger.com,Estimator,18-03-2024,946,10-09-2024,946,true
947,Tybie,762-690-7940,tthiolierqa@baidu.com,Subcontractor,31-05-2024,947,23-02-2024,947,false
948,Jenilee,379-217-3611,jlashamqb@earthlink.net,Electrician,06-02-2024,948,30-07-2024,948,false
949,Twila,750-763-2690,tstansburyqc@unc.edu,Construction Worker,17-08-2024,949,18-05-2024,949,true
950,Thedric,233-195-6884,ttythertonqd@hp.com,Surveyor,16-05-2024,950,11-08-2024,950,false
951,Malory,320-869-5129,mpachqe@squarespace.com,Estimator,08-02-2024,951,19-06-2024,951,false
952,Ingrim,666-701-9000,imagogqf@sciencedirect.com,Construction Foreman,29-06-2024,952,09-11-2023,952,true
953,Gustaf,227-971-9521,ggiblinqg@rambler.ru,Construction Manager,13-03-2024,953,09-02-2024,953,true
954,Luciano,524-918-8474,lwhitbreadqh@webnode.com,Electrician,11-10-2023,954,07-02-2024,954,false
955,Ronny,499-237-2026,rarchambaultqi@sogou.com,Subcontractor,03-12-2023,955,08-02-2024,955,true
956,Ailsun,563-950-4958,apavyqj@va.gov,Project Manager,21-09-2023,956,08-04-2024,956,false
957,Kate,645-544-9423,kdumphryqk@fc2.com,Construction Worker,31-01-2024,957,25-06-2024,957,true
958,Ivie,524-747-4998,ilehemannql@furl.net,Construction Worker,22-09-2023,958,02-01-2024,958,false
959,Philbert,952-616-9817,pmontacuteqm@friendfeed.com,Project Manager,28-07-2024,959,26-10-2023,959,false
960,Kamillah,677-319-2588,ksaurqn@discovery.com,Project Manager,22-05-2024,960,25-04-2024,960,true
961,Lyda,779-918-7325,lmonceyqo@webs.com,Engineer,05-11-2023,961,07-02-2024,961,true
962,Vite,843-500-6359,valishonerqp@dailymail.co.uk,Construction Foreman,10-07-2024,962,03-07-2024,962,true
963,Lew,581-782-4593,lnialsqq@cnn.com,Project Manager,04-05-2024,963,06-04-2024,963,false
964,Remus,436-543-1216,rpatenqr@reverbnation.com,Construction Worker,30-07-2024,964,08-09-2024,964,false
965,Noell,251-297-4198,ncreadyqs@nsw.gov.au,Construction Manager,29-05-2024,965,27-09-2023,965,true
966,Ashbey,621-428-9655,adanksqt@constantcontact.com,Construction Manager,28-11-2023,966,24-01-2024,966,false
967,Francis,445-458-3181,fsillequ@ameblo.jp,Surveyor,04-02-2024,967,07-11-2023,967,true
968,Marlowe,847-441-5135,maymerichqv@domainmarket.com,Project Manager,25-10-2023,968,28-11-2023,968,true
969,Preston,799-359-4236,pguitelqw@ibm.com,Construction Expeditor,16-03-2024,969,25-03-2024,969,false
970,Ellissa,640-100-9036,ehugoninqx@goodreads.com,Architect,24-07-2024,970,20-04-2024,970,false
971,Margarette,412-112-0537,mstoneyqy@whitehouse.gov,Construction Foreman,29-03-2024,971,05-06-2024,971,false
972,Meg,721-123-0688,mmonkmanqz@ft.com,Construction Worker,26-06-2024,972,26-02-2024,972,false
973,Luelle,198-283-4013,lwebburnr0@phoca.cz,Surveyor,21-04-2024,973,05-07-2024,973,true
974,Page,453-765-9672,pcanferr1@nyu.edu,Project Manager,07-01-2024,974,01-09-2024,974,false
975,Aristotle,229-989-7651,amacskeaganr2@soundcloud.com,Project Manager,15-04-2024,975,28-01-2024,975,true
976,Lionello,689-807-3775,lyanshinr3@vinaora.com,Engineer,16-12-2023,976,13-05-2024,976,false
977,Tobe,928-567-9757,twyllisr4@drupal.org,Engineer,19-08-2024,977,04-01-2024,977,true
978,Vivianna,198-752-4283,vshotboultr5@mapy.cz,Project Manager,03-05-2024,978,11-10-2023,978,false
979,Cello,886-429-7385,ccrosir6@shutterfly.com,Estimator,31-08-2024,979,23-11-2023,979,false
980,Cassi,628-251-8033,cpaxefordr7@slideshare.net,Architect,04-07-2024,980,22-01-2024,980,false
981,Robbert,696-644-8351,rephgraver8@japanpost.jp,Subcontractor,03-03-2024,981,11-01-2024,981,false
982,Nerita,812-269-7246,nfooter9@123-reg.co.uk,Subcontractor,20-07-2024,982,28-01-2024,982,false
983,Weylin,697-309-7445,wrunniclesra@google.co.jp,Construction Foreman,03-02-2024,983,19-05-2024,983,false
984,Mose,495-577-5974,mjeavonrb@irs.gov,Surveyor,29-06-2024,984,20-04-2024,984,false
985,Timmy,870-117-0191,tegglesonrc@reuters.com,Construction Foreman,21-03-2024,985,02-05-2024,985,false
986,Alexine,944-376-2446,agimletrd@cbc.ca,Electrician,27-07-2024,986,02-12-2023,986,false
987,Chickie,241-749-3561,cdomenichinire@eepurl.com,Construction Worker,02-01-2024,987,19-01-2024,987,false
988,Eadmund,549-771-1219,egarfieldrf@taobao.com,Surveyor,08-09-2024,988,30-11-2023,988,true
989,Glen,541-853-2888,graulstonrg@yale.edu,Construction Foreman,23-10-2023,989,14-02-2024,989,false
990,Flin,438-499-0635,fbatmanrh@trellian.com,Supervisor,27-09-2023,990,11-08-2024,990,false
991,Randi,469-650-6497,rbreissanri@stanford.edu,Construction Expeditor,05-04-2024,991,07-05-2024,991,false
992,Alexis,599-558-2882,apalmarrj@phpbb.com,Construction Expeditor,21-02-2024,992,02-02-2024,992,false
993,Melisent,249-355-1066,mwindramrk@liveinternet.ru,Surveyor,03-06-2024,993,16-12-2023,993,true
994,Florance,999-691-0241,fslayfordrl@usnews.com,Construction Manager,05-10-2023,994,07-05-2024,994,false
995,Rebecca,803-692-4429,rkitneyrm@cornell.edu,Estimator,04-06-2024,995,22-04-2024,995,false
996,Kesley,350-681-0899,kblackbororn@list-manage.com,Electrician,23-02-2024,996,27-01-2024,996,false
997,Harlen,503-560-6676,hcapelingro@ovh.net,Subcontractor,17-06-2024,997,16-04-2024,997,true
998,Marrissa,404-821-0221,mballayrp@cdbaby.com,Construction Worker,12-07-2024,998,11-07-2024,998,false
999,Lyle,189-809-3726,lstroobantrq@google.cn,Engineer,15-04-2024,999,21-01-2024,999,true
1000,Troy,400-764-6812,teblerr@eepurl.com,Electrician,10-12-2023,1000,05-10-2023,1000,false
